,date,numbikes,year,month,dayofweek
2412,2011-01-01,959,2011,1,5
2413,2011-01-02,781,2011,1,6
2414,2011-01-03,1301,2011,1,0
2415,2011-01-04,1536,2011,1,1
2416,2011-01-05,1571,2011,1,2
2417,2011-01-06,1573,2011,1,3
2418,2011-01-07,1493,2011,1,4
2419,2011-01-08,939,2011,1,5
2420,2011-01-09,802,2011,1,6
2421,2011-01-10,1298,2011,1,0
2422,2011-01-11,1231,2011,1,1
2423,2011-01-12,1141,2011,1,2
2424,2011-01-13,1383,2011,1,3
2425,2011-01-14,1384,2011,1,4
2426,2011-01-15,1240,2011,1,5
2427,2011-01-16,1188,2011,1,6
2428,2011-01-17,993,2011,1,0
2429,2011-01-18,672,2011,1,1
2430,2011-01-19,1631,2011,1,2
2431,2011-01-20,1896,2011,1,3
2432,2011-01-21,1522,2011,1,4
2433,2011-01-22,969,2011,1,5
2434,2011-01-23,977,2011,1,6
2435,2011-01-24,1405,2011,1,0
2436,2011-01-25,1971,2011,1,1
2437,2011-01-26,500,2011,1,2
2438,2011-01-27,424,2011,1,3
2439,2011-01-28,1151,2011,1,4
2440,2011-01-29,1070,2011,1,5
2441,2011-01-30,1084,2011,1,6
2442,2011-01-31,1418,2011,1,0
2443,2011-02-01,1331,2011,2,1
2444,2011-02-02,1502,2011,2,2
2445,2011-02-03,1534,2011,2,3
2446,2011-02-04,1691,2011,2,4
2447,2011-02-05,992,2011,2,5
2448,2011-02-06,1603,2011,2,6
2449,2011-02-07,1687,2011,2,0
2450,2011-02-08,1510,2011,2,1
2451,2011-02-09,1592,2011,2,2
2452,2011-02-10,1520,2011,2,3
2453,2011-02-11,1724,2011,2,4
2454,2011-02-12,1455,2011,2,5
2455,2011-02-13,1558,2011,2,6
2456,2011-02-14,1892,2011,2,0
2457,2011-02-15,1780,2011,2,1
2458,2011-02-16,2079,2011,2,2
2459,2011-02-17,2443,2011,2,3
2460,2011-02-18,2892,2011,2,4
2461,2011-02-19,1609,2011,2,5
2462,2011-02-20,1787,2011,2,6
2463,2011-02-21,1093,2011,2,0
2464,2011-02-22,1432,2011,2,1
2465,2011-02-23,1879,2011,2,2
2466,2011-02-24,1786,2011,2,3
2467,2011-02-25,1443,2011,2,4
2468,2011-02-26,1943,2011,2,5
2469,2011-02-27,2371,2011,2,6
2470,2011-02-28,1430,2011,2,0
2471,2011-03-01,1832,2011,3,1
2472,2011-03-02,2109,2011,3,2
2473,2011-03-03,1659,2011,3,3
2474,2011-03-04,1923,2011,3,4
2475,2011-03-05,2054,2011,3,5
2476,2011-03-06,582,2011,3,6
2477,2011-03-07,1842,2011,3,0
2478,2011-03-08,2097,2011,3,1
2479,2011-03-09,1868,2011,3,2
2480,2011-03-10,616,2011,3,3
2481,2011-03-11,1953,2011,3,4
2482,2011-03-12,2104,2011,3,5
2483,2011-03-13,2375,2011,3,6
2484,2011-03-14,2032,2011,3,0
2485,2011-03-15,2024,2011,3,1
2486,2011-03-16,2172,2011,3,2
2487,2011-03-17,2718,2011,3,3
2488,2011-03-18,3194,2011,3,4
2489,2011-03-19,3056,2011,3,5
2490,2011-03-20,2418,2011,3,6
2491,2011-03-21,2058,2011,3,0
2492,2011-03-22,2667,2011,3,1
2493,2011-03-23,2101,2011,3,2
2494,2011-03-24,1844,2011,3,3
2495,2011-03-25,2186,2011,3,4
2496,2011-03-26,2458,2011,3,5
2497,2011-03-27,1665,2011,3,6
2498,2011-03-28,2004,2011,3,0
2499,2011-03-29,2397,2011,3,1
2500,2011-03-30,1519,2011,3,2
2501,2011-03-31,1668,2011,3,3
2502,2011-04-01,2192,2011,4,4
2503,2011-04-02,2225,2011,4,5
2504,2011-04-03,3212,2011,4,6
2505,2011-04-04,3079,2011,4,0
2506,2011-04-05,1768,2011,4,1
2507,2011-04-06,2776,2011,4,2
2508,2011-04-07,3001,2011,4,3
2509,2011-04-08,1454,2011,4,4
2510,2011-04-09,2428,2011,4,5
2511,2011-04-10,2850,2011,4,6
2512,2011-04-11,3304,2011,4,0
2513,2011-04-12,1997,2011,4,1
2514,2011-04-13,2128,2011,4,2
2515,2011-04-14,3210,2011,4,3
2516,2011-04-15,3083,2011,4,4
2517,2011-04-16,775,2011,4,5
2518,2011-04-17,3678,2011,4,6
2519,2011-04-18,3369,2011,4,0
2520,2011-04-19,3139,2011,4,1
2521,2011-04-20,3898,2011,4,2
2522,2011-04-21,3992,2011,4,3
2523,2011-04-22,1648,2011,4,4
2524,2011-04-23,3970,2011,4,5
2525,2011-04-24,4116,2011,4,6
2526,2011-04-25,4021,2011,4,0
2527,2011-04-26,4331,2011,4,1
2528,2011-04-27,3809,2011,4,2
2529,2011-04-28,3996,2011,4,3
2530,2011-04-29,4437,2011,4,4
2531,2011-04-30,5214,2011,4,5
2532,2011-05-01,3295,2011,5,6
2533,2011-05-02,4329,2011,5,0
2534,2011-05-03,4366,2011,5,1
2535,2011-05-04,2595,2011,5,2
2536,2011-05-05,4338,2011,5,3
2537,2011-05-06,4536,2011,5,4
2538,2011-05-07,4616,2011,5,5
2539,2011-05-08,4245,2011,5,6
2540,2011-05-09,4283,2011,5,0
2541,2011-05-10,4733,2011,5,1
2542,2011-05-11,4104,2011,5,2
2543,2011-05-12,4770,2011,5,3
2544,2011-05-13,4038,2011,5,4
2545,2011-05-14,3352,2011,5,5
2546,2011-05-15,4484,2011,5,6
2547,2011-05-16,3909,2011,5,0
2548,2011-05-17,4067,2011,5,1
2549,2011-05-18,3812,2011,5,2
2550,2011-05-19,4503,2011,5,3
2551,2011-05-20,4844,2011,5,4
2552,2011-05-21,5731,2011,5,5
2553,2011-05-22,4596,2011,5,6
2554,2011-05-23,4224,2011,5,0
2555,2011-05-24,4422,2011,5,1
2556,2011-05-25,4917,2011,5,2
2557,2011-05-26,4631,2011,5,3
2558,2011-05-27,4622,2011,5,4
2559,2011-05-28,4693,2011,5,5
2560,2011-05-29,4743,2011,5,6
2561,2011-05-30,4047,2011,5,0
2562,2011-05-31,3940,2011,5,1
2563,2011-06-01,3931,2011,6,2
2564,2011-06-02,4912,2011,6,3
2565,2011-06-03,5242,2011,6,4
2566,2011-06-04,5248,2011,6,5
2567,2011-06-05,4859,2011,6,6
2568,2011-06-06,4488,2011,6,0
2569,2011-06-07,4783,2011,6,1
2570,2011-06-08,4358,2011,6,2
2571,2011-06-09,3889,2011,6,3
2572,2011-06-10,4540,2011,6,4
2573,2011-06-11,4902,2011,6,5
2574,2011-06-12,4407,2011,6,6
2575,2011-06-13,4969,2011,6,0
2576,2011-06-14,4829,2011,6,1
2577,2011-06-15,5123,2011,6,2
2578,2011-06-16,3725,2011,6,3
2579,2011-06-17,4772,2011,6,4
2580,2011-06-18,5054,2011,6,5
2581,2011-06-19,4676,2011,6,6
2582,2011-06-20,3967,2011,6,0
2583,2011-06-21,4769,2011,6,1
2584,2011-06-22,4445,2011,6,2
2585,2011-06-23,4724,2011,6,3
2586,2011-06-24,4930,2011,6,4
2587,2011-06-25,5114,2011,6,5
2588,2011-06-26,5241,2011,6,6
2589,2011-06-27,4655,2011,6,0
2590,2011-06-28,4580,2011,6,1
2591,2011-06-29,5155,2011,6,2
2592,2011-06-30,5456,2011,6,3
2593,2011-07-01,5296,2011,7,4
2594,2011-07-02,5052,2011,7,5
2595,2011-07-03,4591,2011,7,6
2596,2011-07-04,5975,2011,7,0
2597,2011-07-05,4614,2011,7,1
2598,2011-07-06,4569,2011,7,2
2599,2011-07-07,4507,2011,7,3
2600,2011-07-08,3979,2011,7,4
2601,2011-07-09,5268,2011,7,5
2602,2011-07-10,4827,2011,7,6
2603,2011-07-11,4040,2011,7,0
2604,2011-07-12,4207,2011,7,1
2605,2011-07-13,4289,2011,7,2
2606,2011-07-14,5017,2011,7,3
2607,2011-07-15,5475,2011,7,4
2608,2011-07-16,5847,2011,7,5
2609,2011-07-17,5245,2011,7,6
2610,2011-07-18,4404,2011,7,0
2611,2011-07-19,4469,2011,7,1
2612,2011-07-20,4273,2011,7,2
2613,2011-07-21,3737,2011,7,3
2614,2011-07-22,3348,2011,7,4
2615,2011-07-23,3241,2011,7,5
2616,2011-07-24,3562,2011,7,6
2617,2011-07-25,3790,2011,7,0
2618,2011-07-26,4510,2011,7,1
2619,2011-07-27,4602,2011,7,2
2620,2011-07-28,4346,2011,7,3
2621,2011-07-29,3819,2011,7,4
2622,2011-07-30,4417,2011,7,5
2623,2011-07-31,4262,2011,7,6
2624,2011-08-01,4216,2011,8,0
2625,2011-08-02,4804,2011,8,1
2626,2011-08-03,3529,2011,8,2
2627,2011-08-04,4529,2011,8,3
2628,2011-08-05,4818,2011,8,4
2629,2011-08-06,4245,2011,8,5
2630,2011-08-07,3737,2011,8,6
2631,2011-08-08,4276,2011,8,0
2632,2011-08-09,4550,2011,8,1
2633,2011-08-10,4710,2011,8,2
2634,2011-08-11,4737,2011,8,3
2635,2011-08-12,4848,2011,8,4
2636,2011-08-13,4085,2011,8,5
2637,2011-08-14,3774,2011,8,6
2638,2011-08-15,4281,2011,8,0
2639,2011-08-16,4673,2011,8,1
2640,2011-08-17,4642,2011,8,2
2641,2011-08-18,3756,2011,8,3
2642,2011-08-19,4102,2011,8,4
2643,2011-08-20,5104,2011,8,5
2644,2011-08-21,3809,2011,8,6
2645,2011-08-22,4699,2011,8,0
2646,2011-08-23,5818,2011,8,1
2647,2011-08-24,5064,2011,8,2
2648,2011-08-25,3490,2011,8,3
2649,2011-08-26,4607,2011,8,4
2650,2011-08-27,1105,2011,8,5
2651,2011-08-28,4289,2011,8,6
2652,2011-08-29,4576,2011,8,0
2653,2011-08-30,5148,2011,8,1
2654,2011-08-31,4999,2011,8,2
2655,2011-09-01,5059,2011,9,3
2656,2011-09-02,4682,2011,9,4
2657,2011-09-03,4426,2011,9,5
2658,2011-09-04,4901,2011,9,6
2659,2011-09-05,3310,2011,9,0
2660,2011-09-06,2666,2011,9,1
2661,2011-09-07,1964,2011,9,2
2662,2011-09-08,1810,2011,9,3
2663,2011-09-09,3510,2011,9,4
2664,2011-09-10,5270,2011,9,5
2665,2011-09-11,4957,2011,9,6
2666,2011-09-12,4638,2011,9,0
2667,2011-09-13,4713,2011,9,1
2668,2011-09-14,4736,2011,9,2
2669,2011-09-15,3612,2011,9,3
2670,2011-09-16,4693,2011,9,4
2671,2011-09-17,4462,2011,9,5
2672,2011-09-18,4228,2011,9,6
2673,2011-09-19,4467,2011,9,0
2674,2011-09-20,3593,2011,9,1
2675,2011-09-21,4305,2011,9,2
2676,2011-09-22,4743,2011,9,3
2677,2011-09-23,2367,2011,9,4
2678,2011-09-24,5353,2011,9,5
2679,2011-09-25,4960,2011,9,6
2680,2011-09-26,4587,2011,9,0
2681,2011-09-27,4069,2011,9,1
2682,2011-09-28,3877,2011,9,2
2683,2011-09-29,4793,2011,9,3
2684,2011-09-30,5150,2011,9,4
2685,2011-10-01,2402,2011,10,5
2686,2011-10-02,2884,2011,10,6
2687,2011-10-03,3529,2011,10,0
2688,2011-10-04,4405,2011,10,1
2689,2011-10-05,4771,2011,10,2
2690,2011-10-06,4717,2011,10,3
2691,2011-10-07,4925,2011,10,4
2692,2011-10-08,5337,2011,10,5
2693,2011-10-09,5445,2011,10,6
2694,2011-10-10,5052,2011,10,0
2695,2011-10-11,4503,2011,10,1
2696,2011-10-12,2392,2011,10,2
2697,2011-10-13,2882,2011,10,3
2698,2011-10-14,3592,2011,10,4
2699,2011-10-15,5136,2011,10,5
2700,2011-10-16,4971,2011,10,6
2701,2011-10-17,4519,2011,10,0
2702,2011-10-18,4699,2011,10,1
2703,2011-10-19,2398,2011,10,2
2704,2011-10-20,4152,2011,10,3
2705,2011-10-21,4258,2011,10,4
2706,2011-10-22,4248,2011,10,5
2707,2011-10-23,4326,2011,10,6
2708,2011-10-24,4142,2011,10,0
2709,2011-10-25,4630,2011,10,1
2710,2011-10-26,3856,2011,10,2
2711,2011-10-27,2629,2011,10,3
2712,2011-10-28,3708,2011,10,4
2713,2011-10-29,619,2011,10,5
2714,2011-10-30,3288,2011,10,6
2715,2011-10-31,3633,2011,10,0
2716,2011-11-01,4038,2011,11,1
2717,2011-11-02,4136,2011,11,2
2718,2011-11-03,3914,2011,11,3
2719,2011-11-04,4003,2011,11,4
2720,2011-11-05,3887,2011,11,5
2721,2011-11-06,3612,2011,11,6
2722,2011-11-07,3975,2011,11,0
2723,2011-11-08,4149,2011,11,1
2724,2011-11-09,4057,2011,11,2
2725,2011-11-10,2903,2011,11,3
2726,2011-11-11,3337,2011,11,4
2727,2011-11-12,4033,2011,11,5
2728,2011-11-13,3684,2011,11,6
2729,2011-11-14,4427,2011,11,0
2730,2011-11-15,4161,2011,11,1
2731,2011-11-16,1805,2011,11,2
2732,2011-11-17,3025,2011,11,3
2733,2011-11-18,3356,2011,11,4
2734,2011-11-19,3620,2011,11,5
2735,2011-11-20,3472,2011,11,6
2736,2011-11-21,2730,2011,11,0
2737,2011-11-22,1587,2011,11,1
2738,2011-11-23,2535,2011,11,2
2739,2011-11-24,1477,2011,11,3
2740,2011-11-25,2772,2011,11,4
2741,2011-11-26,3025,2011,11,5
2742,2011-11-27,3029,2011,11,6
2743,2011-11-28,3812,2011,11,0
2744,2011-11-29,2887,2011,11,1
2745,2011-11-30,3576,2011,11,2
2746,2011-12-01,3682,2011,12,3
2747,2011-12-02,3901,2011,12,4
2748,2011-12-03,3562,2011,12,5
2749,2011-12-04,3441,2011,12,6
2750,2011-12-05,3744,2011,12,0
2751,2011-12-06,2563,2011,12,1
2752,2011-12-07,698,2011,12,2
2753,2011-12-08,3295,2011,12,3
2754,2011-12-09,3583,2011,12,4
2755,2011-12-10,3160,2011,12,5
2756,2011-12-11,2713,2011,12,6
2757,2011-12-12,3264,2011,12,0
2758,2011-12-13,3481,2011,12,1
2759,2011-12-14,3693,2011,12,2
2760,2011-12-15,3670,2011,12,3
2761,2011-12-16,3537,2011,12,4
2762,2011-12-17,2710,2011,12,5
2763,2011-12-18,2402,2011,12,6
2764,2011-12-19,3366,2011,12,0
2765,2011-12-20,3714,2011,12,1
2766,2011-12-21,2640,2011,12,2
2767,2011-12-22,3028,2011,12,3
2768,2011-12-23,2182,2011,12,4
2769,2011-12-24,994,2011,12,5
2770,2011-12-25,742,2011,12,6
2771,2011-12-26,1293,2011,12,0
2772,2011-12-27,1152,2011,12,1
2773,2011-12-28,2275,2011,12,2
2774,2011-12-29,2403,2011,12,3
2775,2011-12-30,2967,2011,12,4
2776,2011-12-31,2457,2011,12,5
395,2012-01-01,2260,2012,1,6
396,2012-01-02,1937,2012,1,0
397,2012-01-03,2219,2012,1,1
398,2012-01-04,2357,2012,1,2
399,2012-01-05,3251,2012,1,3
400,2012-01-06,4054,2012,1,4
401,2012-01-07,4480,2012,1,5
402,2012-01-08,3408,2012,1,6
403,2012-01-09,2325,2012,1,0
404,2012-01-10,3573,2012,1,1
405,2012-01-11,2166,2012,1,2
406,2012-01-12,4063,2012,1,3
407,2012-01-13,3190,2012,1,4
408,2012-01-14,2470,2012,1,5
409,2012-01-15,2292,2012,1,6
410,2012-01-16,2277,2012,1,0
411,2012-01-17,2913,2012,1,1
412,2012-01-18,3353,2012,1,2
413,2012-01-19,3278,2012,1,3
414,2012-01-20,3126,2012,1,4
415,2012-01-21,1284,2012,1,5
416,2012-01-22,1954,2012,1,6
417,2012-01-23,2411,2012,1,0
418,2012-01-24,4295,2012,1,1
419,2012-01-25,4234,2012,1,2
420,2012-01-26,4027,2012,1,3
421,2012-01-27,3418,2012,1,4
422,2012-01-28,3989,2012,1,5
423,2012-01-29,3206,2012,1,6
424,2012-01-30,3585,2012,1,0
425,2012-01-31,4476,2012,1,1
426,2012-02-01,4545,2012,2,2
427,2012-02-02,3737,2012,2,3
428,2012-02-03,4118,2012,2,4
429,2012-02-04,2797,2012,2,5
430,2012-02-05,2913,2012,2,6
431,2012-02-06,3757,2012,2,0
432,2012-02-07,4351,2012,2,1
433,2012-02-08,2783,2012,2,2
434,2012-02-09,3792,2012,2,3
435,2012-02-10,3797,2012,2,4
436,2012-02-11,2153,2012,2,5
437,2012-02-12,1513,2012,2,6
438,2012-02-13,3397,2012,2,0
439,2012-02-14,3885,2012,2,1
440,2012-02-15,4130,2012,2,2
441,2012-02-16,2982,2012,2,3
442,2012-02-17,4112,2012,2,4
443,2012-02-18,4271,2012,2,5
444,2012-02-19,2669,2012,2,6
445,2012-02-20,3091,2012,2,0
446,2012-02-21,3749,2012,2,1
447,2012-02-22,4736,2012,2,2
448,2012-02-23,5015,2012,2,3
449,2012-02-24,3459,2012,2,4
450,2012-02-25,2689,2012,2,5
451,2012-02-26,3360,2012,2,6
452,2012-02-27,4286,2012,2,0
453,2012-02-28,4333,2012,2,1
454,2012-02-29,1815,2012,2,2
455,2012-03-01,4935,2012,3,3
456,2012-03-02,3154,2012,3,4
457,2012-03-03,4020,2012,3,5
458,2012-03-04,3378,2012,3,6
459,2012-03-05,3308,2012,3,0
460,2012-03-06,3925,2012,3,1
461,2012-03-07,4874,2012,3,2
462,2012-03-08,5324,2012,3,3
463,2012-03-09,4525,2012,3,4
464,2012-03-10,4072,2012,3,5
465,2012-03-11,4865,2012,3,6
466,2012-03-12,5251,2012,3,0
467,2012-03-13,5788,2012,3,1
468,2012-03-14,6250,2012,3,2
469,2012-03-15,6129,2012,3,3
470,2012-03-16,4330,2012,3,4
471,2012-03-17,7755,2012,3,5
472,2012-03-18,5832,2012,3,6
473,2012-03-19,6101,2012,3,0
474,2012-03-20,6041,2012,3,1
475,2012-03-21,6169,2012,3,2
476,2012-03-22,6811,2012,3,3
477,2012-03-23,8264,2012,3,4
478,2012-03-24,3337,2012,3,5
479,2012-03-25,4937,2012,3,6
480,2012-03-26,5512,2012,3,0
481,2012-03-27,5047,2012,3,1
482,2012-03-28,5639,2012,3,2
483,2012-03-29,6055,2012,3,3
484,2012-03-30,5411,2012,3,4
485,2012-03-31,6172,2012,3,5
2321,2012-04-01,5979,2012,4,6
2322,2012-04-02,5881,2012,4,0
2323,2012-04-03,6705,2012,4,1
2324,2012-04-04,6383,2012,4,2
2325,2012-04-05,6388,2012,4,3
2326,2012-04-06,6411,2012,4,4
2327,2012-04-07,6806,2012,4,5
2328,2012-04-08,5127,2012,4,6
2329,2012-04-09,5544,2012,4,0
2330,2012-04-10,5867,2012,4,1
2331,2012-04-11,4818,2012,4,2
2332,2012-04-12,5352,2012,4,3
2333,2012-04-13,6332,2012,4,4
2334,2012-04-14,7367,2012,4,5
2335,2012-04-15,7055,2012,4,6
2336,2012-04-16,6303,2012,4,0
2337,2012-04-17,6619,2012,4,1
2338,2012-04-18,4334,2012,4,2
2339,2012-04-19,6488,2012,4,3
2340,2012-04-20,7203,2012,4,4
2341,2012-04-21,6540,2012,4,5
2342,2012-04-22,1000,2012,4,6
2343,2012-04-23,3158,2012,4,0
2344,2012-04-24,5564,2012,4,1
2345,2012-04-25,6137,2012,4,2
2346,2012-04-26,4989,2012,4,3
2347,2012-04-27,6181,2012,4,4
2348,2012-04-28,4176,2012,4,5
2349,2012-04-29,6243,2012,4,6
2350,2012-04-30,5528,2012,4,0
2351,2012-05-01,5693,2012,5,1
2352,2012-05-02,6102,2012,5,2
2353,2012-05-03,6358,2012,5,3
2354,2012-05-04,6214,2012,5,4
2355,2012-05-05,6822,2012,5,5
2356,2012-05-06,6290,2012,5,6
2357,2012-05-07,6209,2012,5,0
2358,2012-05-08,5689,2012,5,1
2359,2012-05-09,4674,2012,5,2
2360,2012-05-10,6500,2012,5,3
2361,2012-05-11,6943,2012,5,4
2362,2012-05-12,7334,2012,5,5
2363,2012-05-13,6064,2012,5,6
2364,2012-05-14,2819,2012,5,0
2365,2012-05-15,5073,2012,5,1
2366,2012-05-16,7255,2012,5,2
2367,2012-05-17,7287,2012,5,3
2368,2012-05-18,7556,2012,5,4
2369,2012-05-19,8199,2012,5,5
2370,2012-05-20,7042,2012,5,6
2371,2012-05-21,4317,2012,5,0
2372,2012-05-22,5992,2012,5,1
2373,2012-05-23,5199,2012,5,2
2374,2012-05-24,6705,2012,5,3
2375,2012-05-25,6668,2012,5,4
2376,2012-05-26,6471,2012,5,5
2377,2012-05-27,6535,2012,5,6
2378,2012-05-28,5991,2012,5,0
2379,2012-05-29,5686,2012,5,1
2380,2012-05-30,6769,2012,5,2
2381,2012-05-31,7262,2012,5,3
2382,2012-06-01,4078,2012,6,4
2383,2012-06-02,8025,2012,6,5
2384,2012-06-03,7549,2012,6,6
2385,2012-06-04,6905,2012,6,0
2386,2012-06-05,6941,2012,6,1
2387,2012-06-06,6982,2012,6,2
2388,2012-06-07,7410,2012,6,3
2389,2012-06-08,7655,2012,6,4
2390,2012-06-09,7421,2012,6,5
2391,2012-06-10,6532,2012,6,6
2392,2012-06-11,6590,2012,6,0
2393,2012-06-12,4916,2012,6,1
2394,2012-06-13,7353,2012,6,2
2395,2012-06-14,7299,2012,6,3
2396,2012-06-15,7581,2012,6,4
2397,2012-06-16,7630,2012,6,5
2398,2012-06-17,6906,2012,6,6
2399,2012-06-18,5051,2012,6,0
2400,2012-06-19,6756,2012,6,1
2401,2012-06-20,6138,2012,6,2
2402,2012-06-21,5825,2012,6,3
2403,2012-06-22,5759,2012,6,4
2404,2012-06-23,7373,2012,6,5
2405,2012-06-24,6823,2012,6,6
2406,2012-06-25,6706,2012,6,0
2407,2012-06-26,7362,2012,6,1
2408,2012-06-27,7253,2012,6,2
2409,2012-06-28,6798,2012,6,3
2410,2012-06-29,5395,2012,6,4
2411,2012-06-30,5624,2012,6,5
1707,2012-07-01,5454,2012,7,6
1708,2012-07-02,6158,2012,7,0
1709,2012-07-03,6582,2012,7,1
1710,2012-07-04,7314,2012,7,2
1711,2012-07-05,6199,2012,7,3
1712,2012-07-06,6140,2012,7,4
1713,2012-07-07,4789,2012,7,5
1714,2012-07-08,4614,2012,7,6
1715,2012-07-09,6510,2012,7,0
1716,2012-07-10,6240,2012,7,1
1717,2012-07-11,7192,2012,7,2
1718,2012-07-12,7375,2012,7,3
1719,2012-07-13,7424,2012,7,4
1720,2012-07-14,6891,2012,7,5
1721,2012-07-15,5952,2012,7,6
1722,2012-07-16,6767,2012,7,0
1723,2012-07-17,6717,2012,7,1
1724,2012-07-18,5667,2012,7,2
1725,2012-07-19,6546,2012,7,3
1726,2012-07-20,5818,2012,7,4
1727,2012-07-21,4416,2012,7,5
1728,2012-07-22,7338,2012,7,6
1729,2012-07-23,6885,2012,7,0
1730,2012-07-24,7528,2012,7,1
1731,2012-07-25,8091,2012,7,2
1732,2012-07-26,6807,2012,7,3
1733,2012-07-27,6840,2012,7,4
1734,2012-07-28,6608,2012,7,5
1735,2012-07-29,6524,2012,7,6
1736,2012-07-30,7034,2012,7,0
1737,2012-07-31,7140,2012,7,1
1738,2012-08-01,7511,2012,8,2
1739,2012-08-02,7163,2012,8,3
1740,2012-08-03,7089,2012,8,4
1741,2012-08-04,6737,2012,8,5
1742,2012-08-05,5395,2012,8,6
1743,2012-08-06,6909,2012,8,0
1744,2012-08-07,7201,2012,8,1
1745,2012-08-08,7436,2012,8,2
1746,2012-08-09,7189,2012,8,3
1747,2012-08-10,5718,2012,8,4
1748,2012-08-11,6232,2012,8,5
1749,2012-08-12,6459,2012,8,6
1750,2012-08-13,6799,2012,8,0
1751,2012-08-14,6690,2012,8,1
1752,2012-08-15,7263,2012,8,2
1753,2012-08-16,7524,2012,8,3
1754,2012-08-17,7086,2012,8,4
1755,2012-08-18,7773,2012,8,5
1756,2012-08-19,4495,2012,8,6
1757,2012-08-20,6479,2012,8,0
1758,2012-08-21,6941,2012,8,1
1759,2012-08-22,7305,2012,8,2
1760,2012-08-23,7692,2012,8,3
1761,2012-08-24,7513,2012,8,4
1762,2012-08-25,5972,2012,8,5
1763,2012-08-26,5179,2012,8,6
1764,2012-08-27,6815,2012,8,0
1765,2012-08-28,6983,2012,8,1
1766,2012-08-29,7636,2012,8,2
1767,2012-08-30,7633,2012,8,3
1768,2012-08-31,7276,2012,8,4
1769,2012-09-01,6081,2012,9,5
1770,2012-09-02,5749,2012,9,6
1771,2012-09-03,5957,2012,9,0
1772,2012-09-04,6787,2012,9,1
1773,2012-09-05,7054,2012,9,2
1774,2012-09-06,6135,2012,9,3
1775,2012-09-07,7410,2012,9,4
1776,2012-09-08,5906,2012,9,5
1777,2012-09-09,8119,2012,9,6
1778,2012-09-10,7437,2012,9,0
1779,2012-09-11,7695,2012,9,1
1780,2012-09-12,7800,2012,9,2
1781,2012-09-13,7742,2012,9,3
1782,2012-09-14,7922,2012,9,4
1783,2012-09-15,8623,2012,9,5
1784,2012-09-16,7251,2012,9,6
1785,2012-09-17,6775,2012,9,0
1786,2012-09-18,4029,2012,9,1
1787,2012-09-19,7518,2012,9,2
1788,2012-09-20,7659,2012,9,3
1789,2012-09-21,8076,2012,9,4
1790,2012-09-22,8316,2012,9,5
1791,2012-09-23,7826,2012,9,6
1792,2012-09-24,7340,2012,9,0
1793,2012-09-25,7467,2012,9,1
1794,2012-09-26,7661,2012,9,2
1795,2012-09-27,7311,2012,9,3
1796,2012-09-28,7336,2012,9,4
1797,2012-09-29,8470,2012,9,5
1798,2012-09-30,6812,2012,9,6
1984,2012-10-01,6699,2012,10,0
1985,2012-10-02,4588,2012,10,1
1986,2012-10-03,7496,2012,10,2
1987,2012-10-04,7275,2012,10,3
1988,2012-10-05,8063,2012,10,4
1989,2012-10-06,7889,2012,10,5
1990,2012-10-07,3463,2012,10,6
1991,2012-10-08,5422,2012,10,0
1992,2012-10-09,6337,2012,10,1
1993,2012-10-10,7612,2012,10,2
1994,2012-10-11,7509,2012,10,3
1995,2012-10-12,7207,2012,10,4
1996,2012-10-13,7040,2012,10,5
1997,2012-10-14,6559,2012,10,6
1998,2012-10-15,5826,2012,10,0
1999,2012-10-16,7461,2012,10,1
2000,2012-10-17,7399,2012,10,2
2001,2012-10-18,7444,2012,10,3
2002,2012-10-19,5358,2012,10,4
2003,2012-10-20,8019,2012,10,5
2004,2012-10-21,6759,2012,10,6
2005,2012-10-22,6996,2012,10,0
2006,2012-10-23,7397,2012,10,1
2007,2012-10-24,7630,2012,10,2
2008,2012-10-25,7297,2012,10,3
2009,2012-10-26,7366,2012,10,4
2010,2012-10-27,7769,2012,10,5
2011,2012-10-28,4409,2012,10,6
2012,2012-10-29,21,2012,10,0
2013,2012-10-30,1080,2012,10,1
2014,2012-10-31,5511,2012,10,2
2015,2012-11-01,5932,2012,11,3
2016,2012-11-02,5795,2012,11,4
2017,2012-11-03,5087,2012,11,5
2018,2012-11-04,5060,2012,11,6
2019,2012-11-05,5209,2012,11,0
2020,2012-11-06,5639,2012,11,1
2021,2012-11-07,4994,2012,11,2
2022,2012-11-08,5274,2012,11,3
2023,2012-11-09,5946,2012,11,4
2024,2012-11-10,6478,2012,11,5
2025,2012-11-11,6778,2012,11,6
2026,2012-11-12,6218,2012,11,0
2027,2012-11-13,4060,2012,11,1
2028,2012-11-14,5437,2012,11,2
2029,2012-11-15,5394,2012,11,3
2030,2012-11-16,5642,2012,11,4
2031,2012-11-17,5582,2012,11,5
2032,2012-11-18,4637,2012,11,6
2033,2012-11-19,5453,2012,11,0
2034,2012-11-20,5583,2012,11,1
2035,2012-11-21,5101,2012,11,2
2036,2012-11-22,2393,2012,11,3
2037,2012-11-23,3864,2012,11,4
2038,2012-11-24,2259,2012,11,5
2039,2012-11-25,2402,2012,11,6
2040,2012-11-26,5040,2012,11,0
2041,2012-11-27,3930,2012,11,1
2042,2012-11-28,5245,2012,11,2
2043,2012-11-29,5279,2012,11,3
2044,2012-11-30,5617,2012,11,4
2045,2012-12-01,5136,2012,12,5
2046,2012-12-02,4601,2012,12,6
2047,2012-12-03,6183,2012,12,0
2048,2012-12-04,6562,2012,12,1
2049,2012-12-05,5665,2012,12,2
2050,2012-12-06,5345,2012,12,3
2051,2012-12-07,4962,2012,12,4
2052,2012-12-08,5526,2012,12,5
2053,2012-12-09,3198,2012,12,6
2054,2012-12-10,5127,2012,12,0
2055,2012-12-11,5456,2012,12,1
2056,2012-12-12,5279,2012,12,2
2057,2012-12-13,5482,2012,12,3
2058,2012-12-14,5561,2012,12,4
2059,2012-12-15,4981,2012,12,5
2060,2012-12-16,3743,2012,12,6
2061,2012-12-17,4550,2012,12,0
2062,2012-12-18,5513,2012,12,1
2063,2012-12-19,5234,2012,12,2
2064,2012-12-20,4097,2012,12,3
2065,2012-12-21,3584,2012,12,4
2066,2012-12-22,1733,2012,12,5
2067,2012-12-23,1767,2012,12,6
2068,2012-12-24,909,2012,12,0
2069,2012-12-25,1004,2012,12,1
2070,2012-12-26,435,2012,12,2
2071,2012-12-27,2096,2012,12,3
2072,2012-12-28,3068,2012,12,4
2073,2012-12-29,1328,2012,12,5
2074,2012-12-30,1780,2012,12,6
2075,2012-12-31,2711,2012,12,0
3169,2013-01-01,1964,2013,1,1
3170,2013-01-02,3673,2013,1,2
3171,2013-01-03,3844,2013,1,3
3172,2013-01-04,4078,2013,1,4
3173,2013-01-05,3517,2013,1,5
3174,2013-01-06,3751,2013,1,6
3175,2013-01-07,4741,2013,1,0
3176,2013-01-08,5274,2013,1,1
3177,2013-01-09,5110,2013,1,2
3178,2013-01-10,5382,2013,1,3
3179,2013-01-11,4094,2013,1,4
3180,2013-01-12,5573,2013,1,5
3181,2013-01-13,4114,2013,1,6
3182,2013-01-14,5023,2013,1,0
3183,2013-01-15,2897,2013,1,1
3184,2013-01-16,3477,2013,1,2
3185,2013-01-17,4769,2013,1,3
3186,2013-01-18,4472,2013,1,4
3187,2013-01-19,4918,2013,1,5
3188,2013-01-20,5699,2013,1,6
3189,2013-01-21,4527,2013,1,0
3190,2013-01-22,2931,2013,1,1
3191,2013-01-23,3184,2013,1,2
3192,2013-01-24,2425,2013,1,3
3193,2013-01-25,2354,2013,1,4
3194,2013-01-26,2739,2013,1,5
3195,2013-01-27,2989,2013,1,6
3196,2013-01-28,2712,2013,1,0
3197,2013-01-29,5791,2013,1,1
3198,2013-01-30,4642,2013,1,2
3199,2013-01-31,4325,2013,1,3
3200,2013-02-01,3161,2013,2,4
3201,2013-02-02,2450,2013,2,5
3202,2013-02-03,2555,2013,2,6
3203,2013-02-04,3919,2013,2,0
3204,2013-02-05,4578,2013,2,1
3205,2013-02-06,4871,2013,2,2
3206,2013-02-07,4438,2013,2,3
3207,2013-02-08,3351,2013,2,4
3208,2013-02-09,3428,2013,2,5
3209,2013-02-10,3576,2013,2,6
3210,2013-02-11,4222,2013,2,0
3211,2013-02-12,5623,2013,2,1
3212,2013-02-13,3533,2013,2,2
3213,2013-02-14,5117,2013,2,3
3214,2013-02-15,5315,2013,2,4
3215,2013-02-16,3205,2013,2,5
3216,2013-02-17,2487,2013,2,6
3217,2013-02-18,3320,2013,2,0
3218,2013-02-19,3932,2013,2,1
3219,2013-02-20,4352,2013,2,2
3220,2013-02-21,4109,2013,2,3
3221,2013-02-22,3526,2013,2,4
3222,2013-02-23,2547,2013,2,5
3223,2013-02-24,4325,2013,2,6
3224,2013-02-25,4948,2013,2,0
3225,2013-02-26,2742,2013,2,1
3226,2013-02-27,5388,2013,2,2
3227,2013-02-28,5084,2013,2,3
3228,2013-03-01,4886,2013,3,4
3229,2013-03-02,3707,2013,3,5
3230,2013-03-03,3048,2013,3,6
3231,2013-03-04,4412,2013,3,0
3232,2013-03-05,5181,2013,3,1
3233,2013-03-06,1125,2013,3,2
3234,2013-03-07,5006,2013,3,3
3235,2013-03-08,4835,2013,3,4
3236,2013-03-09,6768,2013,3,5
3237,2013-03-10,6764,2013,3,6
3238,2013-03-11,6039,2013,3,0
3239,2013-03-12,4245,2013,3,1
3240,2013-03-13,5693,2013,3,2
3241,2013-03-14,4826,2013,3,3
3242,2013-03-15,6330,2013,3,4
3243,2013-03-16,6168,2013,3,5
3244,2013-03-17,3942,2013,3,6
3245,2013-03-18,2747,2013,3,0
3246,2013-03-19,5942,2013,3,1
3247,2013-03-20,5806,2013,3,2
3248,2013-03-21,4508,2013,3,3
3249,2013-03-22,5407,2013,3,4
3250,2013-03-23,6479,2013,3,5
3251,2013-03-24,3857,2013,3,6
3252,2013-03-25,1912,2013,3,0
3253,2013-03-26,5583,2013,3,1
3254,2013-03-27,5800,2013,3,2
3255,2013-03-28,5583,2013,3,3
3256,2013-03-29,7384,2013,3,4
3257,2013-03-30,9598,2013,3,5
3258,2013-03-31,3785,2013,3,6
153,2013-04-01,6368,2013,4,0
154,2013-04-02,5902,2013,4,1
155,2013-04-03,6226,2013,4,2
156,2013-04-04,5829,2013,4,3
157,2013-04-05,7589,2013,4,4
158,2013-04-06,9271,2013,4,5
159,2013-04-07,9762,2013,4,6
160,2013-04-08,8466,2013,4,0
161,2013-04-09,9750,2013,4,1
162,2013-04-10,9553,2013,4,2
163,2013-04-11,9091,2013,4,3
164,2013-04-12,5997,2013,4,4
165,2013-04-13,11267,2013,4,5
166,2013-04-14,9604,2013,4,6
167,2013-04-15,6908,2013,4,0
168,2013-04-16,8247,2013,4,1
169,2013-04-17,8477,2013,4,2
170,2013-04-18,7686,2013,4,3
171,2013-04-19,6118,2013,4,4
172,2013-04-20,8793,2013,4,5
173,2013-04-21,7330,2013,4,6
174,2013-04-22,6737,2013,4,0
175,2013-04-23,7434,2013,4,1
176,2013-04-24,8460,2013,4,2
177,2013-04-25,8262,2013,4,3
178,2013-04-26,8996,2013,4,4
179,2013-04-27,10820,2013,4,5
180,2013-04-28,7851,2013,4,6
181,2013-04-29,4289,2013,4,0
182,2013-04-30,5359,2013,4,1
183,2013-05-01,8608,2013,5,2
184,2013-05-02,8490,2013,5,3
185,2013-05-03,8655,2013,5,4
186,2013-05-04,9472,2013,5,5
187,2013-05-05,7986,2013,5,6
188,2013-05-06,6506,2013,5,0
189,2013-05-07,4419,2013,5,1
190,2013-05-08,6586,2013,5,2
191,2013-05-09,7793,2013,5,3
192,2013-05-10,8870,2013,5,4
193,2013-05-11,6455,2013,5,5
194,2013-05-12,8010,2013,5,6
195,2013-05-13,7381,2013,5,0
196,2013-05-14,8061,2013,5,1
197,2013-05-15,8756,2013,5,2
198,2013-05-16,8895,2013,5,3
199,2013-05-17,10047,2013,5,4
200,2013-05-18,6333,2013,5,5
201,2013-05-19,6674,2013,5,6
202,2013-05-20,8383,2013,5,0
203,2013-05-21,9042,2013,5,1
204,2013-05-22,8895,2013,5,2
205,2013-05-23,8051,2013,5,3
206,2013-05-24,6627,2013,5,4
207,2013-05-25,7944,2013,5,5
208,2013-05-26,9888,2013,5,6
209,2013-05-27,8966,2013,5,0
210,2013-05-28,7552,2013,5,1
211,2013-05-29,9275,2013,5,2
212,2013-05-30,8740,2013,5,3
213,2013-05-31,9103,2013,5,4
214,2013-06-01,9457,2013,6,5
215,2013-06-02,7664,2013,6,6
216,2013-06-03,7393,2013,6,0
217,2013-06-04,9926,2013,6,1
218,2013-06-05,9986,2013,6,2
219,2013-06-06,6854,2013,6,3
220,2013-06-07,2477,2013,6,4
221,2013-06-08,9758,2013,6,5
222,2013-06-09,9220,2013,6,6
223,2013-06-10,4368,2013,6,0
224,2013-06-11,9193,2013,6,1
225,2013-06-12,9180,2013,6,2
226,2013-06-13,7259,2013,6,3
227,2013-06-14,9783,2013,6,4
228,2013-06-15,10446,2013,6,5
229,2013-06-16,8710,2013,6,6
230,2013-06-17,8613,2013,6,0
231,2013-06-18,7140,2013,6,1
232,2013-06-19,10039,2013,6,2
233,2013-06-20,10147,2013,6,3
234,2013-06-21,10320,2013,6,4
235,2013-06-22,10799,2013,6,5
236,2013-06-23,7175,2013,6,6
237,2013-06-24,8042,2013,6,0
238,2013-06-25,8970,2013,6,1
239,2013-06-26,8392,2013,6,2
240,2013-06-27,8619,2013,6,3
241,2013-06-28,6247,2013,6,4
242,2013-06-29,10503,2013,6,5
243,2013-06-30,7087,2013,6,6
728,2013-07-01,7842,2013,7,0
729,2013-07-02,7821,2013,7,1
730,2013-07-03,7725,2013,7,2
731,2013-07-04,10742,2013,7,3
732,2013-07-05,10557,2013,7,4
733,2013-07-06,8902,2013,7,5
734,2013-07-07,6871,2013,7,6
735,2013-07-08,8070,2013,7,0
736,2013-07-09,8767,2013,7,1
737,2013-07-10,8113,2013,7,2
738,2013-07-11,8870,2013,7,3
739,2013-07-12,5725,2013,7,4
740,2013-07-13,9278,2013,7,5
741,2013-07-14,8390,2013,7,6
742,2013-07-15,8033,2013,7,0
743,2013-07-16,8402,2013,7,1
744,2013-07-17,8633,2013,7,2
745,2013-07-18,7825,2013,7,3
746,2013-07-19,7978,2013,7,4
747,2013-07-20,8623,2013,7,5
748,2013-07-21,8464,2013,7,6
749,2013-07-22,8678,2013,7,0
750,2013-07-23,9234,2013,7,1
751,2013-07-24,9761,2013,7,2
752,2013-07-25,10105,2013,7,3
753,2013-07-26,10262,2013,7,4
754,2013-07-27,8383,2013,7,5
755,2013-07-28,8139,2013,7,6
756,2013-07-29,9243,2013,7,0
757,2013-07-30,9878,2013,7,1
758,2013-07-31,8702,2013,7,2
759,2013-08-01,7755,2013,8,3
760,2013-08-02,9814,2013,8,4
761,2013-08-03,8450,2013,8,5
762,2013-08-04,10397,2013,8,6
763,2013-08-05,10053,2013,8,0
764,2013-08-06,8382,2013,8,1
765,2013-08-07,9719,2013,8,2
766,2013-08-08,8868,2013,8,3
767,2013-08-09,9462,2013,8,4
768,2013-08-10,10047,2013,8,5
769,2013-08-11,9485,2013,8,6
770,2013-08-12,9481,2013,8,0
771,2013-08-13,8303,2013,8,1
772,2013-08-14,10392,2013,8,2
773,2013-08-15,10629,2013,8,3
774,2013-08-16,10763,2013,8,4
775,2013-08-17,11042,2013,8,5
776,2013-08-18,5753,2013,8,6
777,2013-08-19,8968,2013,8,0
778,2013-08-20,9579,2013,8,1
779,2013-08-21,9140,2013,8,2
780,2013-08-22,9543,2013,8,3
781,2013-08-23,7625,2013,8,4
782,2013-08-24,10844,2013,8,5
783,2013-08-25,9481,2013,8,6
784,2013-08-26,9269,2013,8,0
785,2013-08-27,9506,2013,8,1
786,2013-08-28,7636,2013,8,2
787,2013-08-29,9343,2013,8,3
788,2013-08-30,9661,2013,8,4
789,2013-08-31,9403,2013,8,5
790,2013-09-01,9216,2013,9,6
791,2013-09-02,8025,2013,9,0
792,2013-09-03,8810,2013,9,1
793,2013-09-04,9734,2013,9,2
794,2013-09-05,9918,2013,9,3
795,2013-09-06,10142,2013,9,4
796,2013-09-07,10118,2013,9,5
797,2013-09-08,9400,2013,9,6
798,2013-09-09,9056,2013,9,0
799,2013-09-10,9432,2013,9,1
800,2013-09-11,9175,2013,9,2
801,2013-09-12,6981,2013,9,3
802,2013-09-13,9931,2013,9,4
803,2013-09-14,11131,2013,9,5
804,2013-09-15,9748,2013,9,6
805,2013-09-16,8268,2013,9,0
806,2013-09-17,9836,2013,9,1
807,2013-09-18,9952,2013,9,2
808,2013-09-19,10360,2013,9,3
809,2013-09-20,10545,2013,9,4
810,2013-09-21,6840,2013,9,5
811,2013-09-22,9339,2013,9,6
812,2013-09-23,8981,2013,9,0
813,2013-09-24,9489,2013,9,1
814,2013-09-25,9524,2013,9,2
815,2013-09-26,9788,2013,9,3
816,2013-09-27,9858,2013,9,4
817,2013-09-28,10057,2013,9,5
818,2013-09-29,9251,2013,9,6
819,2013-09-30,9032,2013,9,0
1215,2013-10-01,10255,2013,10,1
1216,2013-10-02,10249,2013,10,2
1217,2013-10-03,10059,2013,10,3
1218,2013-10-04,10158,2013,10,4
1219,2013-10-05,10456,2013,10,5
1220,2013-10-06,9650,2013,10,6
1221,2013-10-07,5797,2013,10,0
1222,2013-10-08,9829,2013,10,1
1223,2013-10-09,6360,2013,10,2
1224,2013-10-10,2491,2013,10,3
1225,2013-10-11,1775,2013,10,4
1226,2013-10-12,5191,2013,10,5
1227,2013-10-13,5938,2013,10,6
1228,2013-10-14,8818,2013,10,0
1229,2013-10-15,9272,2013,10,1
1230,2013-10-16,9629,2013,10,2
1231,2013-10-17,9468,2013,10,3
1232,2013-10-18,10256,2013,10,4
1233,2013-10-19,9309,2013,10,5
1234,2013-10-20,8493,2013,10,6
1235,2013-10-21,8956,2013,10,0
1236,2013-10-22,8990,2013,10,1
1237,2013-10-23,7884,2013,10,2
1238,2013-10-24,7823,2013,10,3
1239,2013-10-25,7866,2013,10,4
1240,2013-10-26,7906,2013,10,5
1241,2013-10-27,7917,2013,10,6
1242,2013-10-28,8515,2013,10,0
1243,2013-10-29,8949,2013,10,1
1244,2013-10-30,8055,2013,10,2
1245,2013-10-31,8335,2013,10,3
1246,2013-11-01,8046,2013,11,4
1247,2013-11-02,9374,2013,11,5
1248,2013-11-03,7652,2013,11,6
1249,2013-11-04,6854,2013,11,0
1250,2013-11-05,8152,2013,11,1
1251,2013-11-06,8780,2013,11,2
1252,2013-11-07,7974,2013,11,3
1253,2013-11-08,7508,2013,11,4
1254,2013-11-09,7541,2013,11,5
1255,2013-11-10,7177,2013,11,6
1256,2013-11-11,7188,2013,11,0
1257,2013-11-12,6112,2013,11,1
1258,2013-11-13,6466,2013,11,2
1259,2013-11-14,7273,2013,11,3
1260,2013-11-15,7671,2013,11,4
1261,2013-11-16,6804,2013,11,5
1262,2013-11-17,6945,2013,11,6
1263,2013-11-18,8253,2013,11,0
1264,2013-11-19,7445,2013,11,1
1265,2013-11-20,7340,2013,11,2
1266,2013-11-21,7521,2013,11,3
1267,2013-11-22,8146,2013,11,4
1268,2013-11-23,6134,2013,11,5
1269,2013-11-24,3193,2013,11,6
1270,2013-11-25,5260,2013,11,0
1271,2013-11-26,1873,2013,11,1
1272,2013-11-27,2240,2013,11,2
1273,2013-11-28,1574,2013,11,3
1274,2013-11-29,2918,2013,11,4
1275,2013-11-30,3003,2013,11,5
1276,2013-12-01,3670,2013,12,6
1277,2013-12-02,6314,2013,12,0
1278,2013-12-03,7449,2013,12,1
1279,2013-12-04,7551,2013,12,2
1280,2013-12-05,8142,2013,12,3
1281,2013-12-06,2944,2013,12,4
1282,2013-12-07,4878,2013,12,5
1283,2013-12-08,1357,2013,12,6
1284,2013-12-09,3446,2013,12,0
1285,2013-12-10,2696,2013,12,1
1286,2013-12-11,5470,2013,12,2
1287,2013-12-12,5084,2013,12,3
1288,2013-12-13,5624,2013,12,4
1289,2013-12-14,2794,2013,12,5
1290,2013-12-15,4301,2013,12,6
1291,2013-12-16,5612,2013,12,0
1292,2013-12-17,5350,2013,12,1
1293,2013-12-18,5772,2013,12,2
1294,2013-12-19,6653,2013,12,3
1295,2013-12-20,6511,2013,12,4
1296,2013-12-21,6430,2013,12,5
1297,2013-12-22,2830,2013,12,6
1298,2013-12-23,2002,2013,12,0
1299,2013-12-24,2345,2013,12,1
1300,2013-12-25,1001,2013,12,2
1301,2013-12-26,2446,2013,12,3
1302,2013-12-27,3584,2013,12,4
1303,2013-12-28,4421,2013,12,5
1304,2013-12-29,1441,2013,12,6
1305,2013-12-30,4356,2013,12,0
1306,2013-12-31,4126,2013,12,1
850,2014-01-01,3011,2014,1,2
851,2014-01-02,3316,2014,1,3
852,2014-01-03,1608,2014,1,4
853,2014-01-04,2242,2014,1,5
854,2014-01-05,2060,2014,1,6
855,2014-01-06,3507,2014,1,0
856,2014-01-07,2282,2014,1,1
857,2014-01-08,3855,2014,1,2
858,2014-01-09,4948,2014,1,3
859,2014-01-10,1843,2014,1,4
860,2014-01-11,1955,2014,1,5
861,2014-01-12,5413,2014,1,6
862,2014-01-13,6861,2014,1,0
863,2014-01-14,5059,2014,1,1
864,2014-01-15,6459,2014,1,2
865,2014-01-16,6016,2014,1,3
866,2014-01-17,6138,2014,1,4
867,2014-01-18,3299,2014,1,5
868,2014-01-19,4099,2014,1,6
869,2014-01-20,5316,2014,1,0
870,2014-01-21,1747,2014,1,1
871,2014-01-22,1426,2014,1,2
872,2014-01-23,2426,2014,1,3
873,2014-01-24,2623,2014,1,4
874,2014-01-25,2259,2014,1,5
875,2014-01-26,2554,2014,1,6
876,2014-01-27,4484,2014,1,0
877,2014-01-28,3129,2014,1,1
878,2014-01-29,3160,2014,1,2
879,2014-01-30,4178,2014,1,3
880,2014-01-31,5424,2014,1,4
881,2014-02-01,5342,2014,2,5
882,2014-02-02,5423,2014,2,6
883,2014-02-03,2462,2014,2,0
884,2014-02-04,5177,2014,2,1
885,2014-02-05,3746,2014,2,2
886,2014-02-06,5176,2014,2,3
887,2014-02-07,5394,2014,2,4
888,2014-02-08,4037,2014,2,5
889,2014-02-09,3120,2014,2,6
890,2014-02-10,4431,2014,2,0
891,2014-02-11,4747,2014,2,1
892,2014-02-12,3945,2014,2,2
893,2014-02-13,52,2014,2,3
894,2014-02-14,1911,2014,2,4
895,2014-02-15,1748,2014,2,5
896,2014-02-16,2838,2014,2,6
897,2014-02-17,3311,2014,2,0
898,2014-02-18,5086,2014,2,1
899,2014-02-19,5622,2014,2,2
900,2014-02-20,6577,2014,2,3
901,2014-02-21,5783,2014,2,4
902,2014-02-22,7817,2014,2,5
903,2014-02-23,6065,2014,2,6
904,2014-02-24,5396,2014,2,0
905,2014-02-25,4561,2014,2,1
906,2014-02-26,3921,2014,2,2
907,2014-02-27,4882,2014,2,3
908,2014-02-28,4093,2014,2,4
909,2014-03-01,4560,2014,3,5
910,2014-03-02,3493,2014,3,6
911,2014-03-03,418,2014,3,0
912,2014-03-04,2244,2014,3,1
913,2014-03-05,4512,2014,3,2
914,2014-03-06,4832,2014,3,3
915,2014-03-07,5064,2014,3,4
916,2014-03-08,8416,2014,3,5
917,2014-03-09,5916,2014,3,6
918,2014-03-10,6785,2014,3,0
919,2014-03-11,8360,2014,3,1
920,2014-03-12,6229,2014,3,2
921,2014-03-13,3984,2014,3,3
922,2014-03-14,6949,2014,3,4
923,2014-03-15,10344,2014,3,5
924,2014-03-16,4813,2014,3,6
925,2014-03-17,1279,2014,3,0
926,2014-03-18,4658,2014,3,1
927,2014-03-19,3754,2014,3,2
928,2014-03-20,7514,2014,3,3
929,2014-03-21,7677,2014,3,4
930,2014-03-22,10847,2014,3,5
931,2014-03-23,5313,2014,3,6
932,2014-03-24,5341,2014,3,0
933,2014-03-25,3092,2014,3,1
934,2014-03-26,4933,2014,3,2
935,2014-03-27,6449,2014,3,3
936,2014-03-28,6670,2014,3,4
937,2014-03-29,2262,2014,3,5
938,2014-03-30,896,2014,3,6
939,2014-03-31,8158,2014,3,0
2138,2014-04-01,9371,2014,4,1
2139,2014-04-02,8886,2014,4,2
2140,2014-04-03,9107,2014,4,3
2141,2014-04-04,8877,2014,4,4
2142,2014-04-05,10754,2014,4,5
2143,2014-04-06,9817,2014,4,6
2144,2014-04-07,2801,2014,4,0
2145,2014-04-08,8849,2014,4,1
2146,2014-04-09,9873,2014,4,2
2147,2014-04-10,11241,2014,4,3
2148,2014-04-11,11432,2014,4,4
2149,2014-04-12,15564,2014,4,5
2150,2014-04-13,14419,2014,4,6
2151,2014-04-14,10574,2014,4,0
2152,2014-04-15,1816,2014,4,1
2153,2014-04-16,7771,2014,4,2
2154,2014-04-17,8624,2014,4,3
2155,2014-04-18,9341,2014,4,4
2156,2014-04-19,11926,2014,4,5
2157,2014-04-20,9513,2014,4,6
2158,2014-04-21,9670,2014,4,0
2159,2014-04-22,9108,2014,4,1
2160,2014-04-23,8925,2014,4,2
2161,2014-04-24,9804,2014,4,3
2162,2014-04-25,7574,2014,4,4
2163,2014-04-26,11510,2014,4,5
2164,2014-04-27,11041,2014,4,6
2165,2014-04-28,6415,2014,4,0
2166,2014-04-29,3115,2014,4,1
2167,2014-04-30,1793,2014,4,2
2168,2014-05-01,9578,2014,5,3
2169,2014-05-02,10333,2014,5,4
2170,2014-05-03,11182,2014,5,5
2171,2014-05-04,10512,2014,5,6
2172,2014-05-05,8087,2014,5,0
2173,2014-05-06,10403,2014,5,1
2174,2014-05-07,8562,2014,5,2
2175,2014-05-08,10404,2014,5,3
2176,2014-05-09,10409,2014,5,4
2177,2014-05-10,8231,2014,5,5
2178,2014-05-11,10969,2014,5,6
2179,2014-05-12,9434,2014,5,0
2180,2014-05-13,9930,2014,5,1
2181,2014-05-14,9721,2014,5,2
2182,2014-05-15,9400,2014,5,3
2183,2014-05-16,8033,2014,5,4
2184,2014-05-17,11203,2014,5,5
2185,2014-05-18,10207,2014,5,6
2186,2014-05-19,10433,2014,5,0
2187,2014-05-20,10847,2014,5,1
2188,2014-05-21,8503,2014,5,2
2189,2014-05-22,10326,2014,5,3
2190,2014-05-23,10399,2014,5,4
2191,2014-05-24,10525,2014,5,5
2192,2014-05-25,12085,2014,5,6
2193,2014-05-26,10689,2014,5,0
2194,2014-05-27,8221,2014,5,1
2195,2014-05-28,9922,2014,5,2
2196,2014-05-29,5307,2014,5,3
2197,2014-05-30,10805,2014,5,4
2198,2014-05-31,12074,2014,5,5
2199,2014-06-01,10932,2014,6,6
2200,2014-06-02,10355,2014,6,0
2201,2014-06-03,10367,2014,6,1
2202,2014-06-04,10166,2014,6,2
2203,2014-06-05,10737,2014,6,3
2204,2014-06-06,11809,2014,6,4
2205,2014-06-07,11840,2014,6,5
2206,2014-06-08,10588,2014,6,6
2207,2014-06-09,10496,2014,6,0
2208,2014-06-10,9548,2014,6,1
2209,2014-06-11,8612,2014,6,2
2210,2014-06-12,9210,2014,6,3
2211,2014-06-13,9457,2014,6,4
2212,2014-06-14,11894,2014,6,5
2213,2014-06-15,11036,2014,6,6
2214,2014-06-16,10432,2014,6,0
2215,2014-06-17,10506,2014,6,1
2216,2014-06-18,9991,2014,6,2
2217,2014-06-19,10424,2014,6,3
2218,2014-06-20,11634,2014,6,4
2219,2014-06-21,9806,2014,6,5
2220,2014-06-22,10828,2014,6,6
2221,2014-06-23,10838,2014,6,0
2222,2014-06-24,11169,2014,6,1
2223,2014-06-25,10196,2014,6,2
2224,2014-06-26,10965,2014,6,3
2225,2014-06-27,10639,2014,6,4
2226,2014-06-28,10850,2014,6,5
2227,2014-06-29,10778,2014,6,6
2228,2014-06-30,10471,2014,6,0
2930,2014-07-01,10502,2014,7,1
2931,2014-07-02,9565,2014,7,2
2932,2014-07-03,8598,2014,7,3
2933,2014-07-04,11897,2014,7,4
2934,2014-07-05,12826,2014,7,5
2935,2014-07-06,10926,2014,7,6
2936,2014-07-07,10053,2014,7,0
2937,2014-07-08,8543,2014,7,1
2938,2014-07-09,8799,2014,7,2
2939,2014-07-10,8689,2014,7,3
2940,2014-07-11,11229,2014,7,4
2941,2014-07-12,11512,2014,7,5
2942,2014-07-13,9341,2014,7,6
2943,2014-07-14,8539,2014,7,0
2944,2014-07-15,7852,2014,7,1
2945,2014-07-16,11308,2014,7,2
2946,2014-07-17,11610,2014,7,3
2947,2014-07-18,11657,2014,7,4
2948,2014-07-19,11764,2014,7,5
2949,2014-07-20,10805,2014,7,6
2950,2014-07-21,11029,2014,7,0
2951,2014-07-22,11192,2014,7,1
2952,2014-07-23,10221,2014,7,2
2953,2014-07-24,10690,2014,7,3
2954,2014-07-25,12311,2014,7,4
2955,2014-07-26,11983,2014,7,5
2956,2014-07-27,10005,2014,7,6
2957,2014-07-28,10688,2014,7,0
2958,2014-07-29,11358,2014,7,1
2959,2014-07-30,11359,2014,7,2
2960,2014-07-31,10982,2014,7,3
2961,2014-08-01,9852,2014,8,4
2962,2014-08-02,10837,2014,8,5
2963,2014-08-03,9824,2014,8,6
2964,2014-08-04,10887,2014,8,0
2965,2014-08-05,10716,2014,8,1
2966,2014-08-06,10951,2014,8,2
2967,2014-08-07,11063,2014,8,3
2968,2014-08-08,11274,2014,8,4
2969,2014-08-09,10356,2014,8,5
2970,2014-08-10,10679,2014,8,6
2971,2014-08-11,9612,2014,8,0
2972,2014-08-12,5971,2014,8,1
2973,2014-08-13,10882,2014,8,2
2974,2014-08-14,11006,2014,8,3
2975,2014-08-15,11942,2014,8,4
2976,2014-08-16,12251,2014,8,5
2977,2014-08-17,10588,2014,8,6
2978,2014-08-18,10714,2014,8,0
2979,2014-08-19,10530,2014,8,1
2980,2014-08-20,9150,2014,8,2
2981,2014-08-21,9735,2014,8,3
2982,2014-08-22,10244,2014,8,4
2983,2014-08-23,6431,2014,8,5
2984,2014-08-24,10792,2014,8,6
2985,2014-08-25,10744,2014,8,0
2986,2014-08-26,10874,2014,8,1
2987,2014-08-27,11138,2014,8,2
2988,2014-08-28,11061,2014,8,3
2989,2014-08-29,11612,2014,8,4
2990,2014-08-30,10214,2014,8,5
2991,2014-08-31,8940,2014,8,6
2992,2014-09-01,8303,2014,9,0
2993,2014-09-02,8623,2014,9,1
2994,2014-09-03,10412,2014,9,2
2995,2014-09-04,10830,2014,9,3
2996,2014-09-05,11006,2014,9,4
2997,2014-09-06,9315,2014,9,5
2998,2014-09-07,11229,2014,9,6
2999,2014-09-08,10377,2014,9,0
3000,2014-09-09,10978,2014,9,1
3001,2014-09-10,11233,2014,9,2
3002,2014-09-11,10997,2014,9,3
3003,2014-09-12,12179,2014,9,4
3004,2014-09-13,8207,2014,9,5
3005,2014-09-14,11911,2014,9,6
3006,2014-09-15,11348,2014,9,0
3007,2014-09-16,12134,2014,9,1
3008,2014-09-17,11633,2014,9,2
3009,2014-09-18,11507,2014,9,3
3010,2014-09-19,11855,2014,9,4
3011,2014-09-20,12677,2014,9,5
3012,2014-09-21,10737,2014,9,6
3013,2014-09-22,11002,2014,9,0
3014,2014-09-23,11592,2014,9,1
3015,2014-09-24,9309,2014,9,2
3016,2014-09-25,6645,2014,9,3
3017,2014-09-26,12131,2014,9,4
3018,2014-09-27,12626,2014,9,5
3019,2014-09-28,10904,2014,9,6
3020,2014-09-29,10628,2014,9,0
3021,2014-09-30,11608,2014,9,1
2229,2014-10-01,10550,2014,10,2
2230,2014-10-02,11697,2014,10,3
2231,2014-10-03,10903,2014,10,4
2232,2014-10-04,10642,2014,10,5
2233,2014-10-05,9647,2014,10,6
2234,2014-10-06,10655,2014,10,0
2235,2014-10-07,9464,2014,10,1
2236,2014-10-08,11261,2014,10,2
2237,2014-10-09,11230,2014,10,3
2238,2014-10-10,8144,2014,10,4
2239,2014-10-11,5697,2014,10,5
2240,2014-10-12,9419,2014,10,6
2241,2014-10-13,6611,2014,10,0
2242,2014-10-14,10900,2014,10,1
2243,2014-10-15,6100,2014,10,2
2244,2014-10-16,10076,2014,10,3
2245,2014-10-17,11940,2014,10,4
2246,2014-10-18,10848,2014,10,5
2247,2014-10-19,8121,2014,10,6
2248,2014-10-20,9426,2014,10,0
2249,2014-10-21,7467,2014,10,1
2250,2014-10-22,4386,2014,10,2
2251,2014-10-23,9754,2014,10,3
2252,2014-10-24,10453,2014,10,4
2253,2014-10-25,11182,2014,10,5
2254,2014-10-26,10253,2014,10,6
2255,2014-10-27,10538,2014,10,0
2256,2014-10-28,11582,2014,10,1
2257,2014-10-29,9396,2014,10,2
2258,2014-10-30,10045,2014,10,3
2259,2014-10-31,9575,2014,10,4
2260,2014-11-01,6064,2014,11,5
2261,2014-11-02,5643,2014,11,6
2262,2014-11-03,8563,2014,11,0
2263,2014-11-04,9809,2014,11,1
2264,2014-11-05,9118,2014,11,2
2265,2014-11-06,7306,2014,11,3
2266,2014-11-07,8690,2014,11,4
2267,2014-11-08,7551,2014,11,5
2268,2014-11-09,7826,2014,11,6
2269,2014-11-10,9294,2014,11,0
2270,2014-11-11,10772,2014,11,1
2271,2014-11-12,9539,2014,11,2
2272,2014-11-13,7124,2014,11,3
2273,2014-11-14,7018,2014,11,4
2274,2014-11-15,5938,2014,11,5
2275,2014-11-16,4737,2014,11,6
2276,2014-11-17,4083,2014,11,0
2277,2014-11-18,5528,2014,11,1
2278,2014-11-19,5982,2014,11,2
2279,2014-11-20,7235,2014,11,3
2280,2014-11-21,6345,2014,11,4
2281,2014-11-22,5561,2014,11,5
2282,2014-11-23,5560,2014,11,6
2283,2014-11-24,9142,2014,11,0
2284,2014-11-25,8127,2014,11,1
2285,2014-11-26,1424,2014,11,2
2286,2014-11-27,1843,2014,11,3
2287,2014-11-28,2609,2014,11,4
2288,2014-11-29,3651,2014,11,5
2289,2014-11-30,4966,2014,11,6
2290,2014-12-01,6314,2014,12,0
2291,2014-12-02,2653,2014,12,1
2292,2014-12-03,6853,2014,12,2
2293,2014-12-04,7332,2014,12,3
2294,2014-12-05,5986,2014,12,4
2295,2014-12-06,2677,2014,12,5
2296,2014-12-07,5253,2014,12,6
2297,2014-12-08,6026,2014,12,0
2298,2014-12-09,3290,2014,12,1
2299,2014-12-10,6697,2014,12,2
2300,2014-12-11,6320,2014,12,3
2301,2014-12-12,6760,2014,12,4
2302,2014-12-13,5623,2014,12,5
2303,2014-12-14,5247,2014,12,6
2304,2014-12-15,7638,2014,12,0
2305,2014-12-16,5947,2014,12,1
2306,2014-12-17,7369,2014,12,2
2307,2014-12-18,6313,2014,12,3
2308,2014-12-19,5867,2014,12,4
2309,2014-12-20,3847,2014,12,5
2310,2014-12-21,3552,2014,12,6
2311,2014-12-22,2963,2014,12,0
2312,2014-12-23,3720,2014,12,1
2313,2014-12-24,1212,2014,12,2
2314,2014-12-25,1635,2014,12,3
2315,2014-12-26,2911,2014,12,4
2316,2014-12-27,4181,2014,12,5
2317,2014-12-28,2861,2014,12,6
2318,2014-12-29,5142,2014,12,0
2319,2014-12-30,5162,2014,12,1
2320,2014-12-31,4209,2014,12,2
1583,2015-01-01,2578,2015,1,3
1584,2015-01-02,5108,2015,1,4
1585,2015-01-03,1703,2015,1,5
1586,2015-01-04,3658,2015,1,6
1587,2015-01-05,5222,2015,1,0
1588,2015-01-06,2060,2015,1,1
1589,2015-01-07,3035,2015,1,2
1590,2015-01-08,2952,2015,1,3
1591,2015-01-09,4214,2015,1,4
1592,2015-01-10,2673,2015,1,5
1593,2015-01-11,3451,2015,1,6
1594,2015-01-12,2155,2015,1,0
1595,2015-01-13,5473,2015,1,1
1596,2015-01-14,4555,2015,1,2
1597,2015-01-15,5774,2015,1,3
1598,2015-01-16,5683,2015,1,4
1599,2015-01-17,4217,2015,1,5
1600,2015-01-18,2523,2015,1,6
1601,2015-01-19,4634,2015,1,0
1602,2015-01-20,6263,2015,1,1
1603,2015-01-21,5350,2015,1,2
1604,2015-01-22,6369,2015,1,3
1605,2015-01-23,4733,2015,1,4
1606,2015-01-24,3472,2015,1,5
1607,2015-01-25,5159,2015,1,6
1608,2015-01-26,2429,2015,1,0
1609,2015-01-27,4067,2015,1,1
1610,2015-01-28,5094,2015,1,2
1611,2015-01-29,4628,2015,1,3
1612,2015-01-30,4848,2015,1,4
1613,2015-01-31,3331,2015,1,5
1614,2015-02-01,3587,2015,2,6
1615,2015-02-02,3881,2015,2,0
1616,2015-02-03,5117,2015,2,1
1617,2015-02-04,6074,2015,2,2
1618,2015-02-05,4986,2015,2,3
1619,2015-02-06,4927,2015,2,4
1620,2015-02-07,4925,2015,2,5
1621,2015-02-08,6647,2015,2,6
1622,2015-02-09,4939,2015,2,0
1623,2015-02-10,5667,2015,2,1
1624,2015-02-11,6592,2015,2,2
1625,2015-02-12,5439,2015,2,3
1626,2015-02-13,4010,2015,2,4
1627,2015-02-14,2933,2015,2,5
1628,2015-02-15,1041,2015,2,6
1629,2015-02-16,1315,2015,2,0
1630,2015-02-17,1178,2015,2,1
1631,2015-02-18,3143,2015,2,2
1632,2015-02-19,2682,2015,2,3
1633,2015-02-20,2484,2015,2,4
1634,2015-02-21,741,2015,2,5
1635,2015-02-22,1989,2015,2,6
1636,2015-02-23,3597,2015,2,0
1637,2015-02-24,3871,2015,2,1
1638,2015-02-25,4950,2015,2,2
1639,2015-02-26,3475,2015,2,3
1640,2015-02-27,4640,2015,2,4
1641,2015-02-28,3222,2015,2,5
1642,2015-03-01,768,2015,3,6
1643,2015-03-02,4067,2015,3,0
1644,2015-03-03,3831,2015,3,1
1645,2015-03-04,4141,2015,3,2
1646,2015-03-05,538,2015,3,3
1647,2015-03-06,1928,2015,3,4
1648,2015-03-07,3182,2015,3,5
1649,2015-03-08,5348,2015,3,6
1650,2015-03-09,7942,2015,3,0
1651,2015-03-10,3941,2015,3,1
1652,2015-03-11,7700,2015,3,2
1653,2015-03-12,8999,2015,3,3
1654,2015-03-13,7908,2015,3,4
1655,2015-03-14,3547,2015,3,5
1656,2015-03-15,6416,2015,3,6
1657,2015-03-16,8781,2015,3,0
1658,2015-03-17,9027,2015,3,1
1659,2015-03-18,7382,2015,3,2
1660,2015-03-19,8044,2015,3,3
1661,2015-03-20,2905,2015,3,4
1662,2015-03-21,9043,2015,3,5
1663,2015-03-22,7953,2015,3,6
1664,2015-03-23,7967,2015,3,0
1665,2015-03-24,7729,2015,3,1
1666,2015-03-25,7423,2015,3,2
1667,2015-03-26,8536,2015,3,3
1668,2015-03-27,6002,2015,3,4
1669,2015-03-28,4573,2015,3,5
1670,2015-03-29,5672,2015,3,6
1671,2015-03-30,8952,2015,3,0
1672,2015-03-31,8011,2015,3,1
1062,2015-04-01,9877,2015,4,2
1063,2015-04-02,11276,2015,4,3
1064,2015-04-03,6428,2015,4,4
1065,2015-04-04,10438,2015,4,5
1066,2015-04-05,10187,2015,4,6
1067,2015-04-06,12640,2015,4,0
1068,2015-04-07,11117,2015,4,1
1069,2015-04-08,7441,2015,4,2
1070,2015-04-09,7828,2015,4,3
1071,2015-04-10,9398,2015,4,4
1072,2015-04-11,16746,2015,4,5
1073,2015-04-12,15752,2015,4,6
1074,2015-04-13,12696,2015,4,0
1075,2015-04-14,3825,2015,4,1
1076,2015-04-15,11129,2015,4,2
1077,2015-04-16,11691,2015,4,3
1078,2015-04-17,12550,2015,4,4
1079,2015-04-18,16008,2015,4,5
1080,2015-04-19,10255,2015,4,6
1081,2015-04-20,9068,2015,4,0
1082,2015-04-21,11644,2015,4,1
1083,2015-04-22,10545,2015,4,2
1084,2015-04-23,10107,2015,4,3
1085,2015-04-24,10376,2015,4,4
1086,2015-04-25,7192,2015,4,5
1087,2015-04-26,10337,2015,4,6
1088,2015-04-27,8869,2015,4,0
1089,2015-04-28,10999,2015,4,1
1090,2015-04-29,11664,2015,4,2
1091,2015-04-30,10257,2015,4,3
1092,2015-05-01,10356,2015,5,4
1093,2015-05-02,12579,2015,5,5
1094,2015-05-03,12106,2015,5,6
1095,2015-05-04,11992,2015,5,0
1096,2015-05-05,11100,2015,5,1
1097,2015-05-06,11489,2015,5,2
1098,2015-05-07,12322,2015,5,3
1099,2015-05-08,13431,2015,5,4
1100,2015-05-09,12851,2015,5,5
1101,2015-05-10,11100,2015,5,6
1102,2015-05-11,12139,2015,5,0
1103,2015-05-12,12067,2015,5,1
1104,2015-05-13,11780,2015,5,2
1105,2015-05-14,12617,2015,5,3
1106,2015-05-15,13651,2015,5,4
1107,2015-05-16,11208,2015,5,5
1108,2015-05-17,10942,2015,5,6
1109,2015-05-18,10445,2015,5,0
1110,2015-05-19,12068,2015,5,1
1111,2015-05-20,12986,2015,5,2
1112,2015-05-21,6983,2015,5,3
1113,2015-05-22,12531,2015,5,4
1114,2015-05-23,12720,2015,5,5
1115,2015-05-24,13579,2015,5,6
1116,2015-05-25,12009,2015,5,0
1117,2015-05-26,11354,2015,5,1
1118,2015-05-27,11475,2015,5,2
1119,2015-05-28,11638,2015,5,3
1120,2015-05-29,12067,2015,5,4
1121,2015-05-30,12672,2015,5,5
1122,2015-05-31,10928,2015,5,6
1123,2015-06-01,8106,2015,6,0
1124,2015-06-02,8055,2015,6,1
1125,2015-06-03,9882,2015,6,2
1126,2015-06-04,6360,2015,6,3
1127,2015-06-05,11082,2015,6,4
1128,2015-06-06,12685,2015,6,5
1129,2015-06-07,11675,2015,6,6
1130,2015-06-08,9967,2015,6,0
1131,2015-06-09,11772,2015,6,1
1132,2015-06-10,11590,2015,6,2
1133,2015-06-11,11854,2015,6,3
1134,2015-06-12,10872,2015,6,4
1135,2015-06-13,11768,2015,6,5
1136,2015-06-14,9515,2015,6,6
1137,2015-06-15,9987,2015,6,0
1138,2015-06-16,11500,2015,6,1
1139,2015-06-17,11175,2015,6,2
1140,2015-06-18,9995,2015,6,3
1141,2015-06-19,12024,2015,6,4
1142,2015-06-20,9318,2015,6,5
1143,2015-06-21,8784,2015,6,6
1144,2015-06-22,11263,2015,6,0
1145,2015-06-23,9190,2015,6,1
1146,2015-06-24,12590,2015,6,2
1147,2015-06-25,11131,2015,6,3
1148,2015-06-26,13042,2015,6,4
1149,2015-06-27,3305,2015,6,5
1150,2015-06-28,11621,2015,6,6
1151,2015-06-29,12205,2015,6,0
1152,2015-06-30,11980,2015,6,1
636,2015-07-01,11223,2015,7,2
637,2015-07-02,11257,2015,7,3
638,2015-07-03,12791,2015,7,4
639,2015-07-04,10288,2015,7,5
640,2015-07-05,12199,2015,7,6
641,2015-07-06,10902,2015,7,0
642,2015-07-07,12223,2015,7,1
643,2015-07-08,9495,2015,7,2
644,2015-07-09,11045,2015,7,3
645,2015-07-10,13013,2015,7,4
646,2015-07-11,12420,2015,7,5
647,2015-07-12,11711,2015,7,6
648,2015-07-13,10224,2015,7,0
649,2015-07-14,11591,2015,7,1
650,2015-07-15,12088,2015,7,2
651,2015-07-16,13257,2015,7,3
652,2015-07-17,12627,2015,7,4
653,2015-07-18,11096,2015,7,5
654,2015-07-19,10148,2015,7,6
655,2015-07-20,10856,2015,7,0
656,2015-07-21,11811,2015,7,1
657,2015-07-22,12934,2015,7,2
658,2015-07-23,12992,2015,7,3
659,2015-07-24,13339,2015,7,4
660,2015-07-25,12902,2015,7,5
661,2015-07-26,11314,2015,7,6
662,2015-07-27,10919,2015,7,0
663,2015-07-28,11976,2015,7,1
664,2015-07-29,12170,2015,7,2
665,2015-07-30,10808,2015,7,3
666,2015-07-31,12396,2015,7,4
667,2015-08-01,12043,2015,8,5
668,2015-08-02,11447,2015,8,6
669,2015-08-03,12085,2015,8,0
670,2015-08-04,11626,2015,8,1
671,2015-08-05,12501,2015,8,2
672,2015-08-06,12617,2015,8,3
673,2015-08-07,12181,2015,8,4
674,2015-08-08,12970,2015,8,5
675,2015-08-09,11651,2015,8,6
676,2015-08-10,10494,2015,8,0
677,2015-08-11,11342,2015,8,1
678,2015-08-12,12485,2015,8,2
679,2015-08-13,12435,2015,8,3
680,2015-08-14,12549,2015,8,4
681,2015-08-15,12082,2015,8,5
682,2015-08-16,10192,2015,8,6
683,2015-08-17,10971,2015,8,0
684,2015-08-18,11595,2015,8,1
685,2015-08-19,11966,2015,8,2
686,2015-08-20,10192,2015,8,3
687,2015-08-21,12902,2015,8,4
688,2015-08-22,12339,2015,8,5
689,2015-08-23,10981,2015,8,6
690,2015-08-24,10283,2015,8,0
691,2015-08-25,12672,2015,8,1
692,2015-08-26,12330,2015,8,2
693,2015-08-27,12406,2015,8,3
694,2015-08-28,12210,2015,8,4
695,2015-08-29,11526,2015,8,5
696,2015-08-30,10188,2015,8,6
697,2015-08-31,11052,2015,8,0
698,2015-09-01,11522,2015,9,1
699,2015-09-02,11378,2015,9,2
700,2015-09-03,11131,2015,9,3
701,2015-09-04,11050,2015,9,4
702,2015-09-05,10867,2015,9,5
703,2015-09-06,12400,2015,9,6
704,2015-09-07,10351,2015,9,0
705,2015-09-08,10965,2015,9,1
706,2015-09-09,11065,2015,9,2
707,2015-09-10,10356,2015,9,3
708,2015-09-11,12167,2015,9,4
709,2015-09-12,6665,2015,9,5
710,2015-09-13,10397,2015,9,6
711,2015-09-14,11156,2015,9,0
712,2015-09-15,11943,2015,9,1
713,2015-09-16,11938,2015,9,2
714,2015-09-17,11949,2015,9,3
715,2015-09-18,11956,2015,9,4
716,2015-09-19,11580,2015,9,5
717,2015-09-20,10998,2015,9,6
718,2015-09-21,7816,2015,9,0
719,2015-09-22,11952,2015,9,1
720,2015-09-23,12773,2015,9,2
721,2015-09-24,12514,2015,9,3
722,2015-09-25,11403,2015,9,4
723,2015-09-26,11038,2015,9,5
724,2015-09-27,9979,2015,9,6
725,2015-09-28,11305,2015,9,0
726,2015-09-29,7240,2015,9,1
727,2015-09-30,10184,2015,9,2
244,2015-10-01,4799,2015,10,3
245,2015-10-02,2079,2015,10,4
246,2015-10-03,4050,2015,10,5
247,2015-10-04,6624,2015,10,6
248,2015-10-05,10445,2015,10,0
249,2015-10-06,11551,2015,10,1
250,2015-10-07,11734,2015,10,2
251,2015-10-08,11711,2015,10,3
252,2015-10-09,10501,2015,10,4
253,2015-10-10,10269,2015,10,5
254,2015-10-11,10491,2015,10,6
255,2015-10-12,10495,2015,10,0
256,2015-10-13,10803,2015,10,1
257,2015-10-14,11406,2015,10,2
258,2015-10-15,11506,2015,10,3
259,2015-10-16,11263,2015,10,4
260,2015-10-17,8782,2015,10,5
261,2015-10-18,6978,2015,10,6
262,2015-10-19,9074,2015,10,0
263,2015-10-20,10036,2015,10,1
264,2015-10-21,10678,2015,10,2
265,2015-10-22,11287,2015,10,3
266,2015-10-23,11470,2015,10,4
267,2015-10-24,9730,2015,10,5
268,2015-10-25,8587,2015,10,6
269,2015-10-26,9973,2015,10,0
270,2015-10-27,9797,2015,10,1
271,2015-10-28,5179,2015,10,2
272,2015-10-29,10632,2015,10,3
273,2015-10-30,9700,2015,10,4
274,2015-10-31,8721,2015,10,5
275,2015-11-01,7211,2015,11,6
276,2015-11-02,9446,2015,11,0
277,2015-11-03,10508,2015,11,1
278,2015-11-04,10822,2015,11,2
279,2015-11-05,10553,2015,11,3
280,2015-11-06,11609,2015,11,4
281,2015-11-07,5610,2015,11,5
282,2015-11-08,8994,2015,11,6
283,2015-11-09,6715,2015,11,0
284,2015-11-10,5773,2015,11,1
285,2015-11-11,8901,2015,11,2
286,2015-11-12,8476,2015,11,3
287,2015-11-13,9262,2015,11,4
288,2015-11-14,7171,2015,11,5
289,2015-11-15,7441,2015,11,6
290,2015-11-16,9156,2015,11,0
291,2015-11-17,9226,2015,11,1
292,2015-11-18,9768,2015,11,2
293,2015-11-19,6255,2015,11,3
294,2015-11-20,9097,2015,11,4
295,2015-11-21,7299,2015,11,5
296,2015-11-22,4948,2015,11,6
297,2015-11-23,6601,2015,11,0
298,2015-11-24,7500,2015,11,1
299,2015-11-25,6864,2015,11,2
300,2015-11-26,3394,2015,11,3
301,2015-11-27,6240,2015,11,4
302,2015-11-28,6418,2015,11,5
303,2015-11-29,2877,2015,11,6
304,2015-11-30,4160,2015,11,0
305,2015-12-01,3954,2015,12,1
306,2015-12-02,5740,2015,12,2
307,2015-12-03,7969,2015,12,3
308,2015-12-04,7940,2015,12,4
309,2015-12-05,7086,2015,12,5
310,2015-12-06,5980,2015,12,6
311,2015-12-07,7928,2015,12,0
312,2015-12-08,8458,2015,12,1
313,2015-12-09,7982,2015,12,2
314,2015-12-10,8685,2015,12,3
315,2015-12-11,8722,2015,12,4
316,2015-12-12,8720,2015,12,5
317,2015-12-13,8034,2015,12,6
318,2015-12-14,6645,2015,12,0
319,2015-12-15,8803,2015,12,1
320,2015-12-16,8625,2015,12,2
321,2015-12-17,4553,2015,12,3
322,2015-12-18,6698,2015,12,4
323,2015-12-19,4279,2015,12,5
324,2015-12-20,4219,2015,12,6
325,2015-12-21,6675,2015,12,0
326,2015-12-22,4934,2015,12,1
327,2015-12-23,2263,2015,12,2
328,2015-12-24,2796,2015,12,3
329,2015-12-25,1502,2015,12,4
330,2015-12-26,2702,2015,12,5
331,2015-12-27,4623,2015,12,6
332,2015-12-28,4459,2015,12,0
333,2015-12-29,5253,2015,12,1
334,2015-12-30,5275,2015,12,2
335,2015-12-31,5855,2015,12,3
3052,2016-01-01,3220,2016,1,4
3053,2016-01-02,4921,2016,1,5
3054,2016-01-03,4965,2016,1,6
3055,2016-01-04,5133,2016,1,0
3056,2016-01-05,4850,2016,1,1
3057,2016-01-06,5712,2016,1,2
3058,2016-01-07,6592,2016,1,3
3059,2016-01-08,6153,2016,1,4
3060,2016-01-09,5314,2016,1,5
3061,2016-01-10,5663,2016,1,6
3062,2016-01-11,6294,2016,1,0
3063,2016-01-12,6490,2016,1,1
3064,2016-01-13,5620,2016,1,2
3065,2016-01-14,7164,2016,1,3
3066,2016-01-15,5983,2016,1,4
3067,2016-01-16,5908,2016,1,5
3068,2016-01-17,3400,2016,1,6
3069,2016-01-18,2499,2016,1,0
3070,2016-01-19,3912,2016,1,1
3071,2016-01-20,4321,2016,1,2
3072,2016-01-21,4228,2016,1,3
3073,2016-01-22,2985,2016,1,4
3074,2016-01-27,528,2016,1,2
3075,2016-01-28,2022,2016,1,3
3076,2016-01-29,2942,2016,1,4
3077,2016-01-30,2822,2016,1,5
3078,2016-01-31,3611,2016,1,6
3079,2016-02-01,4604,2016,2,0
3080,2016-02-02,6584,2016,2,1
3081,2016-02-03,4243,2016,2,2
3082,2016-02-04,6691,2016,2,3
3083,2016-02-05,5822,2016,2,4
3084,2016-02-06,5042,2016,2,5
3085,2016-02-07,4664,2016,2,6
3086,2016-02-08,5994,2016,2,0
3087,2016-02-09,4053,2016,2,1
3088,2016-02-10,5493,2016,2,2
3089,2016-02-11,4246,2016,2,3
3090,2016-02-12,4363,2016,2,4
3091,2016-02-13,1535,2016,2,5
3092,2016-02-14,1851,2016,2,6
3093,2016-02-15,501,2016,2,0
3094,2016-02-16,3238,2016,2,1
3095,2016-02-17,6097,2016,2,2
3096,2016-02-18,5822,2016,2,3
3097,2016-02-19,5633,2016,2,4
3098,2016-02-20,8245,2016,2,5
3099,2016-02-21,4254,2016,2,6
3100,2016-02-22,7148,2016,2,0
3101,2016-02-23,2585,2016,2,1
3102,2016-02-24,3279,2016,2,2
3103,2016-02-25,6330,2016,2,3
3104,2016-02-26,5345,2016,2,4
3105,2016-02-27,5432,2016,2,5
3106,2016-02-28,8732,2016,2,6
3107,2016-02-29,7828,2016,2,0
3108,2016-03-01,8588,2016,3,1
3109,2016-03-02,5918,2016,3,2
3110,2016-03-03,5902,2016,3,3
3111,2016-03-04,5345,2016,3,4
3112,2016-03-05,5334,2016,3,5
3113,2016-03-06,5899,2016,3,6
3114,2016-03-07,9003,2016,3,0
3115,2016-03-08,10558,2016,3,1
3116,2016-03-09,11214,2016,3,2
3117,2016-03-10,10954,2016,3,3
3118,2016-03-11,11219,2016,3,4
3119,2016-03-12,10428,2016,3,5
3120,2016-03-13,5194,2016,3,6
3121,2016-03-14,7671,2016,3,0
3122,2016-03-15,8558,2016,3,1
3123,2016-03-16,13356,2016,3,2
3124,2016-03-17,10673,2016,3,3
3125,2016-03-18,11429,2016,3,4
3126,2016-03-19,3227,2016,3,5
3127,2016-03-20,4532,2016,3,6
3128,2016-03-21,7580,2016,3,0
3129,2016-03-22,9763,2016,3,1
3130,2016-03-23,12340,2016,3,2
3131,2016-03-24,13363,2016,3,3
3132,2016-03-25,12212,2016,3,4
3133,2016-03-26,14116,2016,3,5
3134,2016-03-27,8564,2016,3,6
3135,2016-03-28,8430,2016,3,0
3136,2016-03-29,10221,2016,3,1
3137,2016-03-30,10873,2016,3,2
3138,2016-03-31,11029,2016,3,3
31,2016-04-01,10874,2016,4,4
32,2016-04-02,9282,2016,4,5
33,2016-04-03,6800,2016,4,6
34,2016-04-04,7398,2016,4,0
35,2016-04-05,7512,2016,4,1
36,2016-04-06,9068,2016,4,2
37,2016-04-07,5433,2016,4,3
38,2016-04-08,9529,2016,4,4
39,2016-04-09,4069,2016,4,5
40,2016-04-10,7421,2016,4,6
41,2016-04-11,9456,2016,4,0
42,2016-04-12,8583,2016,4,1
43,2016-04-13,10131,2016,4,2
44,2016-04-14,10523,2016,4,3
45,2016-04-15,11395,2016,4,4
46,2016-04-16,13505,2016,4,5
47,2016-04-17,12367,2016,4,6
48,2016-04-18,11882,2016,4,0
49,2016-04-19,11927,2016,4,1
50,2016-04-20,11650,2016,4,2
51,2016-04-21,11447,2016,4,3
52,2016-04-22,11093,2016,4,4
53,2016-04-23,8487,2016,4,5
54,2016-04-24,11948,2016,4,6
55,2016-04-25,11694,2016,4,0
56,2016-04-26,11718,2016,4,1
57,2016-04-27,8360,2016,4,2
58,2016-04-28,5195,2016,4,3
59,2016-04-29,8258,2016,4,4
60,2016-04-30,8511,2016,4,5
61,2016-05-01,4376,2016,5,6
62,2016-05-02,8139,2016,5,0
63,2016-05-03,8132,2016,5,1
64,2016-05-04,9625,2016,5,2
65,2016-05-05,8726,2016,5,3
66,2016-05-06,3102,2016,5,4
67,2016-05-07,9225,2016,5,5
68,2016-05-08,10803,2016,5,6
69,2016-05-09,9164,2016,5,0
70,2016-05-10,10242,2016,5,1
71,2016-05-11,7669,2016,5,2
72,2016-05-12,10805,2016,5,3
73,2016-05-13,10106,2016,5,4
74,2016-05-14,9389,2016,5,5
75,2016-05-15,8507,2016,5,6
76,2016-05-16,11357,2016,5,0
77,2016-05-17,5374,2016,5,1
78,2016-05-18,10583,2016,5,2
79,2016-05-19,11720,2016,5,3
80,2016-05-20,13860,2016,5,4
81,2016-05-21,4432,2016,5,5
82,2016-05-22,2851,2016,5,6
83,2016-05-23,8048,2016,5,0
84,2016-05-24,13235,2016,5,1
85,2016-05-25,12786,2016,5,2
86,2016-05-26,12188,2016,5,3
87,2016-05-27,12139,2016,5,4
88,2016-05-28,11560,2016,5,5
89,2016-05-29,9069,2016,5,6
90,2016-05-30,9930,2016,5,0
91,2016-05-31,11578,2016,5,1
92,2016-06-01,12355,2016,6,2
93,2016-06-02,12366,2016,6,3
94,2016-06-03,8517,2016,6,4
95,2016-06-04,11991,2016,6,5
96,2016-06-05,9378,2016,6,6
97,2016-06-06,12468,2016,6,0
98,2016-06-07,13271,2016,6,1
99,2016-06-08,13586,2016,6,2
100,2016-06-09,13423,2016,6,3
101,2016-06-10,13730,2016,6,4
102,2016-06-11,11993,2016,6,5
103,2016-06-12,11023,2016,6,6
104,2016-06-13,13161,2016,6,0
105,2016-06-14,13949,2016,6,1
106,2016-06-15,12954,2016,6,2
107,2016-06-16,11056,2016,6,3
108,2016-06-17,13290,2016,6,4
109,2016-06-18,13550,2016,6,5
110,2016-06-19,11830,2016,6,6
111,2016-06-20,12912,2016,6,0
112,2016-06-21,9513,2016,6,1
113,2016-06-22,13902,2016,6,2
114,2016-06-23,9435,2016,6,3
115,2016-06-24,12405,2016,6,4
116,2016-06-25,13600,2016,6,5
117,2016-06-26,12356,2016,6,6
118,2016-06-27,11922,2016,6,0
119,2016-06-28,11064,2016,6,1
120,2016-06-29,13778,2016,6,2
121,2016-06-30,13319,2016,6,3
970,2016-07-01,12405,2016,7,4
971,2016-07-02,14072,2016,7,5
972,2016-07-03,13036,2016,7,6
973,2016-07-04,7600,2016,7,0
974,2016-07-05,11970,2016,7,1
975,2016-07-06,12448,2016,7,2
976,2016-07-07,12218,2016,7,3
977,2016-07-08,11581,2016,7,4
978,2016-07-09,12198,2016,7,5
979,2016-07-10,11981,2016,7,6
980,2016-07-11,12710,2016,7,0
981,2016-07-12,13168,2016,7,1
982,2016-07-13,12520,2016,7,2
983,2016-07-14,12086,2016,7,3
984,2016-07-15,12613,2016,7,4
985,2016-07-16,13837,2016,7,5
986,2016-07-17,15526,2016,7,6
987,2016-07-18,9729,2016,7,0
988,2016-07-19,12325,2016,7,1
989,2016-07-20,13300,2016,7,2
990,2016-07-21,12862,2016,7,3
991,2016-07-22,12105,2016,7,4
992,2016-07-23,10261,2016,7,5
993,2016-07-24,9615,2016,7,6
994,2016-07-25,10275,2016,7,0
995,2016-07-26,11150,2016,7,1
996,2016-07-27,11568,2016,7,2
997,2016-07-28,9366,2016,7,3
998,2016-07-29,12151,2016,7,4
999,2016-07-30,8938,2016,7,5
1000,2016-07-31,10844,2016,7,6
1001,2016-08-01,11951,2016,8,0
1002,2016-08-02,13374,2016,8,1
1003,2016-08-03,13591,2016,8,2
1004,2016-08-04,13555,2016,8,3
1005,2016-08-05,13186,2016,8,4
1006,2016-08-06,11340,2016,8,5
1007,2016-08-07,11962,2016,8,6
1008,2016-08-08,11926,2016,8,0
1009,2016-08-09,12424,2016,8,1
1010,2016-08-10,12258,2016,8,2
1011,2016-08-11,11466,2016,8,3
1012,2016-08-12,10853,2016,8,4
1013,2016-08-13,8717,2016,8,5
1014,2016-08-14,7708,2016,8,6
1015,2016-08-15,9240,2016,8,0
1016,2016-08-16,11316,2016,8,1
1017,2016-08-17,10988,2016,8,2
1018,2016-08-18,11821,2016,8,3
1019,2016-08-19,11915,2016,8,4
1020,2016-08-20,11534,2016,8,5
1021,2016-08-21,7252,2016,8,6
1022,2016-08-22,12349,2016,8,0
1023,2016-08-23,13042,2016,8,1
1024,2016-08-24,12753,2016,8,2
1025,2016-08-25,12524,2016,8,3
1026,2016-08-26,11296,2016,8,4
1027,2016-08-27,11197,2016,8,5
1028,2016-08-28,10528,2016,8,6
1029,2016-08-29,11433,2016,8,0
1030,2016-08-30,12216,2016,8,1
1031,2016-08-31,11613,2016,8,2
1032,2016-09-01,9998,2016,9,3
1033,2016-09-02,12715,2016,9,4
1034,2016-09-03,11027,2016,9,5
1035,2016-09-04,12790,2016,9,6
1036,2016-09-05,11220,2016,9,0
1037,2016-09-06,11752,2016,9,1
1038,2016-09-07,11028,2016,9,2
1039,2016-09-08,11470,2016,9,3
1040,2016-09-09,11415,2016,9,4
1041,2016-09-10,10376,2016,9,5
1042,2016-09-11,11585,2016,9,6
1043,2016-09-12,12311,2016,9,0
1044,2016-09-13,12805,2016,9,1
1045,2016-09-14,12525,2016,9,2
1046,2016-09-15,13273,2016,9,3
1047,2016-09-16,13211,2016,9,4
1048,2016-09-17,12902,2016,9,5
1049,2016-09-18,11347,2016,9,6
1050,2016-09-19,8464,2016,9,0
1051,2016-09-20,12630,2016,9,1
1052,2016-09-21,12489,2016,9,2
1053,2016-09-22,12730,2016,9,3
1054,2016-09-23,13342,2016,9,4
1055,2016-09-24,13106,2016,9,5
1056,2016-09-25,11949,2016,9,6
1057,2016-09-26,11452,2016,9,0
1058,2016-09-27,12357,2016,9,1
1059,2016-09-28,7727,2016,9,2
1060,2016-09-29,5886,2016,9,3
1061,2016-09-30,8526,2016,9,4
1369,2016-10-01,6629,2016,10,5
1370,2016-10-02,10444,2016,10,6
1371,2016-10-03,12301,2016,10,0
1372,2016-10-04,12794,2016,10,1
1373,2016-10-05,12590,2016,10,2
1374,2016-10-06,12362,2016,10,3
1375,2016-10-07,13195,2016,10,4
1376,2016-10-08,5125,2016,10,5
1377,2016-10-09,10026,2016,10,6
1378,2016-10-10,10415,2016,10,0
1379,2016-10-11,11529,2016,10,1
1380,2016-10-12,11797,2016,10,2
1381,2016-10-13,12239,2016,10,3
1382,2016-10-14,12471,2016,10,4
1383,2016-10-15,12319,2016,10,5
1384,2016-10-16,11253,2016,10,6
1385,2016-10-17,11905,2016,10,0
1386,2016-10-18,12986,2016,10,1
1387,2016-10-19,12921,2016,10,2
1388,2016-10-20,13020,2016,10,3
1389,2016-10-21,10585,2016,10,4
1390,2016-10-22,8904,2016,10,5
1391,2016-10-23,9605,2016,10,6
1392,2016-10-24,10800,2016,10,0
1393,2016-10-25,11181,2016,10,1
1394,2016-10-26,10697,2016,10,2
1395,2016-10-27,9280,2016,10,3
1396,2016-10-28,10627,2016,10,4
1397,2016-10-29,11615,2016,10,5
1398,2016-10-30,10902,2016,10,6
1399,2016-10-31,10726,2016,10,0
1400,2016-11-01,11369,2016,11,1
1401,2016-11-02,12123,2016,11,2
1402,2016-11-03,11958,2016,11,3
1403,2016-11-04,11980,2016,11,4
1404,2016-11-05,11303,2016,11,5
1405,2016-11-06,9840,2016,11,6
1406,2016-11-07,10155,2016,11,0
1407,2016-11-08,12026,2016,11,1
1408,2016-11-09,7399,2016,11,2
1409,2016-11-10,10251,2016,11,3
1410,2016-11-11,9848,2016,11,4
1411,2016-11-12,8327,2016,11,5
1412,2016-11-13,8155,2016,11,6
1413,2016-11-14,9210,2016,11,0
1414,2016-11-15,10395,2016,11,1
1415,2016-11-16,10046,2016,11,2
1416,2016-11-17,10495,2016,11,3
1417,2016-11-18,11253,2016,11,4
1418,2016-11-19,8247,2016,11,5
1419,2016-11-20,3826,2016,11,6
1420,2016-11-21,6826,2016,11,0
1421,2016-11-22,7626,2016,11,1
1422,2016-11-23,6903,2016,11,2
1423,2016-11-24,3328,2016,11,3
1424,2016-11-25,5831,2016,11,4
1425,2016-11-26,4991,2016,11,5
1426,2016-11-27,4867,2016,11,6
1427,2016-11-28,8027,2016,11,0
1428,2016-11-29,6331,2016,11,1
1429,2016-11-30,6170,2016,11,2
1430,2016-12-01,9131,2016,12,3
1431,2016-12-02,8411,2016,12,4
1432,2016-12-03,6209,2016,12,5
1433,2016-12-04,5264,2016,12,6
1434,2016-12-05,8210,2016,12,0
1435,2016-12-06,3893,2016,12,1
1436,2016-12-07,8655,2016,12,2
1437,2016-12-08,7993,2016,12,3
1438,2016-12-09,6419,2016,12,4
1439,2016-12-10,4202,2016,12,5
1440,2016-12-11,3815,2016,12,6
1441,2016-12-12,7037,2016,12,0
1442,2016-12-13,7743,2016,12,1
1443,2016-12-14,7610,2016,12,2
1444,2016-12-15,4556,2016,12,3
1445,2016-12-16,4517,2016,12,4
1446,2016-12-17,2319,2016,12,5
1447,2016-12-18,3313,2016,12,6
1448,2016-12-19,6328,2016,12,0
1449,2016-12-20,6106,2016,12,1
1450,2016-12-21,6587,2016,12,2
1451,2016-12-22,6187,2016,12,3
1452,2016-12-23,4209,2016,12,4
1453,2016-12-24,1372,2016,12,5
1454,2016-12-25,2155,2016,12,6
1455,2016-12-26,2361,2016,12,0
1456,2016-12-27,5803,2016,12,1
1457,2016-12-28,6396,2016,12,2
1458,2016-12-29,4254,2016,12,3
1459,2016-12-30,4447,2016,12,4
1460,2016-12-31,3217,2016,12,5
516,2017-01-01,4063,2017,1,6
517,2017-01-02,1638,2017,1,0
518,2017-01-03,3771,2017,1,1
519,2017-01-04,7185,2017,1,2
520,2017-01-05,6214,2017,1,3
521,2017-01-06,5570,2017,1,4
522,2017-01-07,1809,2017,1,5
523,2017-01-08,1920,2017,1,6
524,2017-01-09,4617,2017,1,0
525,2017-01-10,5606,2017,1,1
526,2017-01-11,7267,2017,1,2
527,2017-01-12,9091,2017,1,3
528,2017-01-13,8031,2017,1,4
529,2017-01-14,1864,2017,1,5
530,2017-01-15,5348,2017,1,6
531,2017-01-16,4485,2017,1,0
532,2017-01-17,5574,2017,1,1
533,2017-01-18,7345,2017,1,2
534,2017-01-19,7376,2017,1,3
535,2017-01-20,5566,2017,1,4
536,2017-01-21,8157,2017,1,5
537,2017-01-22,4066,2017,1,6
538,2017-01-23,2905,2017,1,0
539,2017-01-24,7389,2017,1,1
540,2017-01-25,9023,2017,1,2
541,2017-01-26,8048,2017,1,3
542,2017-01-27,6887,2017,1,4
543,2017-01-28,5555,2017,1,5
544,2017-01-29,5250,2017,1,6
545,2017-01-30,5420,2017,1,0
546,2017-01-31,7764,2017,1,1
547,2017-02-01,8231,2017,2,2
548,2017-02-02,7649,2017,2,3
549,2017-02-03,6543,2017,2,4
550,2017-02-04,4807,2017,2,5
551,2017-02-05,5489,2017,2,6
552,2017-02-06,8399,2017,2,0
553,2017-02-07,9796,2017,2,1
554,2017-02-08,10619,2017,2,2
555,2017-02-09,5369,2017,2,3
556,2017-02-10,5974,2017,2,4
557,2017-02-11,6821,2017,2,5
558,2017-02-12,4723,2017,2,6
559,2017-02-13,6364,2017,2,0
560,2017-02-14,7409,2017,2,1
561,2017-02-15,7485,2017,2,2
562,2017-02-16,6427,2017,2,3
563,2017-02-17,7282,2017,2,4
564,2017-02-18,10726,2017,2,5
565,2017-02-19,12350,2017,2,6
566,2017-02-20,10058,2017,2,0
567,2017-02-21,8815,2017,2,1
568,2017-02-22,9659,2017,2,2
569,2017-02-23,11744,2017,2,3
570,2017-02-24,12959,2017,2,4
571,2017-02-25,8174,2017,2,5
572,2017-02-26,6339,2017,2,6
573,2017-02-27,8264,2017,2,0
574,2017-02-28,7828,2017,2,1
575,2017-03-01,8977,2017,3,2
576,2017-03-02,8134,2017,3,3
577,2017-03-03,6741,2017,3,4
578,2017-03-04,5283,2017,3,5
579,2017-03-05,4999,2017,3,6
580,2017-03-06,8583,2017,3,0
581,2017-03-07,8383,2017,3,1
582,2017-03-08,10971,2017,3,2
583,2017-03-09,12406,2017,3,3
584,2017-03-10,5998,2017,3,4
585,2017-03-11,5116,2017,3,5
586,2017-03-12,4621,2017,3,6
587,2017-03-13,6470,2017,3,0
588,2017-03-14,1583,2017,3,1
589,2017-03-15,3359,2017,3,2
590,2017-03-16,5179,2017,3,3
591,2017-03-17,7207,2017,3,4
592,2017-03-18,8245,2017,3,5
593,2017-03-19,5689,2017,3,6
594,2017-03-20,9303,2017,3,0
595,2017-03-21,10612,2017,3,1
596,2017-03-22,8313,2017,3,2
597,2017-03-23,8616,2017,3,3
598,2017-03-24,9086,2017,3,4
599,2017-03-25,16191,2017,3,5
600,2017-03-26,6621,2017,3,6
601,2017-03-27,11367,2017,3,0
602,2017-03-28,10444,2017,3,1
603,2017-03-29,12789,2017,3,2
604,2017-03-30,10324,2017,3,3
605,2017-03-31,3793,2017,3,4
2808,2017-04-01,10321,2017,4,5
2809,2017-04-02,13714,2017,4,6
2810,2017-04-03,10868,2017,4,0
2811,2017-04-04,12666,2017,4,1
2812,2017-04-05,13545,2017,4,2
2813,2017-04-06,6353,2017,4,3
2814,2017-04-07,7596,2017,4,4
2815,2017-04-08,12508,2017,4,5
2816,2017-04-09,15133,2017,4,6
2817,2017-04-10,13742,2017,4,0
2818,2017-04-11,15371,2017,4,1
2819,2017-04-12,14088,2017,4,2
2820,2017-04-13,15434,2017,4,3
2821,2017-04-14,16038,2017,4,4
2822,2017-04-15,16896,2017,4,5
2823,2017-04-16,13129,2017,4,6
2824,2017-04-17,10278,2017,4,0
2825,2017-04-18,13752,2017,4,1
2826,2017-04-19,11693,2017,4,2
2827,2017-04-20,12273,2017,4,3
2828,2017-04-21,13541,2017,4,4
2829,2017-04-22,4485,2017,4,5
2830,2017-04-23,10744,2017,4,6
2831,2017-04-24,5684,2017,4,0
2832,2017-04-25,7966,2017,4,1
2833,2017-04-26,11969,2017,4,2
2834,2017-04-27,13787,2017,4,3
2835,2017-04-28,14391,2017,4,4
2836,2017-04-29,14412,2017,4,5
2837,2017-04-30,13613,2017,4,6
2838,2017-05-01,10982,2017,5,0
2839,2017-05-02,13312,2017,5,1
2840,2017-05-03,12931,2017,5,2
2841,2017-05-04,11851,2017,5,3
2842,2017-05-05,7263,2017,5,4
2843,2017-05-06,5842,2017,5,5
2844,2017-05-07,9613,2017,5,6
2845,2017-05-08,11412,2017,5,0
2846,2017-05-09,12369,2017,5,1
2847,2017-05-10,13529,2017,5,2
2848,2017-05-11,3647,2017,5,3
2849,2017-05-12,7213,2017,5,4
2850,2017-05-13,8177,2017,5,5
2851,2017-05-14,12866,2017,5,6
2852,2017-05-15,12580,2017,5,0
2853,2017-05-16,13640,2017,5,1
2854,2017-05-17,12779,2017,5,2
2855,2017-05-18,12404,2017,5,3
2856,2017-05-19,13427,2017,5,4
2857,2017-05-20,13795,2017,5,5
2858,2017-05-21,11101,2017,5,6
2859,2017-05-22,9106,2017,5,0
2860,2017-05-23,10522,2017,5,1
2861,2017-05-24,11942,2017,5,2
2862,2017-05-25,6714,2017,5,3
2863,2017-05-26,13591,2017,5,4
2864,2017-05-27,11475,2017,5,5
2865,2017-05-28,10188,2017,5,6
2866,2017-05-29,12931,2017,5,0
2867,2017-05-30,10303,2017,5,1
2868,2017-05-31,12172,2017,5,2
2869,2017-06-01,13655,2017,6,3
2870,2017-06-02,14110,2017,6,4
2871,2017-06-03,13898,2017,6,5
2872,2017-06-04,12634,2017,6,6
2873,2017-06-05,10640,2017,6,0
2874,2017-06-06,14139,2017,6,1
2875,2017-06-07,12562,2017,6,2
2876,2017-06-08,13952,2017,6,3
2877,2017-06-09,14575,2017,6,4
2878,2017-06-10,14677,2017,6,5
2879,2017-06-11,11835,2017,6,6
2880,2017-06-12,12305,2017,6,0
2881,2017-06-13,12534,2017,6,1
2882,2017-06-14,13207,2017,6,2
2883,2017-06-15,13843,2017,6,3
2884,2017-06-16,12465,2017,6,4
2885,2017-06-17,13193,2017,6,5
2886,2017-06-18,11161,2017,6,6
2887,2017-06-19,9423,2017,6,0
2888,2017-06-20,13977,2017,6,1
2889,2017-06-21,14010,2017,6,2
2890,2017-06-22,13499,2017,6,3
2891,2017-06-23,12518,2017,6,4
2892,2017-06-24,14321,2017,6,5
2893,2017-06-25,13621,2017,6,6
2894,2017-06-26,14392,2017,6,0
2895,2017-06-27,15015,2017,6,1
2896,2017-06-28,14893,2017,6,2
2897,2017-06-29,13945,2017,6,3
2898,2017-06-30,13752,2017,6,4
1461,2017-07-01,11409,2017,7,5
1462,2017-07-02,13583,2017,7,6
1463,2017-07-03,15293,2017,7,0
1464,2017-07-04,15403,2017,7,1
1465,2017-07-05,10587,2017,7,2
1466,2017-07-06,7357,2017,7,3
1467,2017-07-07,13981,2017,7,4
1468,2017-07-08,15517,2017,7,5
1469,2017-07-09,15302,2017,7,6
1470,2017-07-10,12919,2017,7,0
1471,2017-07-11,13676,2017,7,1
1472,2017-07-12,13485,2017,7,2
1473,2017-07-13,12659,2017,7,3
1474,2017-07-14,10312,2017,7,4
1475,2017-07-15,14469,2017,7,5
1476,2017-07-16,13584,2017,7,6
1477,2017-07-17,12478,2017,7,0
1478,2017-07-18,12922,2017,7,1
1479,2017-07-19,13166,2017,7,2
1480,2017-07-20,12673,2017,7,3
1481,2017-07-21,12939,2017,7,4
1482,2017-07-22,10028,2017,7,5
1483,2017-07-23,11050,2017,7,6
1484,2017-07-24,12519,2017,7,0
1485,2017-07-25,14974,2017,7,1
1486,2017-07-26,15549,2017,7,2
1487,2017-07-27,14652,2017,7,3
1488,2017-07-28,5726,2017,7,4
1489,2017-07-29,9765,2017,7,5
1490,2017-07-30,15767,2017,7,6
1491,2017-07-31,13936,2017,7,0
1492,2017-08-01,12402,2017,8,1
1493,2017-08-02,14079,2017,8,2
1494,2017-08-03,12796,2017,8,3
1495,2017-08-04,14288,2017,8,4
1496,2017-08-05,16346,2017,8,5
1497,2017-08-06,14159,2017,8,6
1498,2017-08-07,5895,2017,8,0
1499,2017-08-08,14742,2017,8,1
1500,2017-08-09,14962,2017,8,2
1501,2017-08-10,14779,2017,8,3
1502,2017-08-11,12389,2017,8,4
1503,2017-08-12,11692,2017,8,5
1504,2017-08-13,14146,2017,8,6
1505,2017-08-14,13180,2017,8,0
1506,2017-08-15,9953,2017,8,1
1507,2017-08-16,13577,2017,8,2
1508,2017-08-17,13301,2017,8,3
1509,2017-08-18,11403,2017,8,4
1510,2017-08-19,13442,2017,8,5
1511,2017-08-20,12643,2017,8,6
1512,2017-08-21,12271,2017,8,0
1513,2017-08-22,12603,2017,8,1
1514,2017-08-23,14061,2017,8,2
1515,2017-08-24,14134,2017,8,3
1516,2017-08-25,14882,2017,8,4
1517,2017-08-26,14679,2017,8,5
1518,2017-08-27,13356,2017,8,6
1519,2017-08-28,13129,2017,8,0
1520,2017-08-29,4620,2017,8,1
1521,2017-08-30,14714,2017,8,2
1522,2017-08-31,13911,2017,8,3
1523,2017-09-01,13176,2017,9,4
1524,2017-09-02,4175,2017,9,5
1525,2017-09-03,15371,2017,9,6
1526,2017-09-04,13580,2017,9,0
1527,2017-09-05,11359,2017,9,1
1528,2017-09-06,5996,2017,9,2
1529,2017-09-07,14050,2017,9,3
1530,2017-09-08,14691,2017,9,4
1531,2017-09-09,14762,2017,9,5
1532,2017-09-10,13009,2017,9,6
1533,2017-09-11,13401,2017,9,0
1534,2017-09-12,14497,2017,9,1
1535,2017-09-13,11920,2017,9,2
1536,2017-09-14,13219,2017,9,3
1537,2017-09-15,14604,2017,9,4
1538,2017-09-16,15297,2017,9,5
1539,2017-09-17,13169,2017,9,6
1540,2017-09-18,13034,2017,9,0
1541,2017-09-19,14045,2017,9,1
1542,2017-09-20,13720,2017,9,2
1543,2017-09-21,13481,2017,9,3
1544,2017-09-22,14040,2017,9,4
1545,2017-09-23,13484,2017,9,5
1546,2017-09-24,11973,2017,9,6
1547,2017-09-25,12653,2017,9,0
1548,2017-09-26,13457,2017,9,1
1549,2017-09-27,13281,2017,9,2
1550,2017-09-28,14376,2017,9,3
1551,2017-09-29,14530,2017,9,4
1552,2017-09-30,13021,2017,9,5
1799,2017-10-01,12002,2017,10,6
1800,2017-10-02,12700,2017,10,0
1801,2017-10-03,13484,2017,10,1
1802,2017-10-04,13744,2017,10,2
1803,2017-10-05,13892,2017,10,3
1804,2017-10-06,14985,2017,10,4
1805,2017-10-07,15477,2017,10,5
1806,2017-10-08,10404,2017,10,6
1807,2017-10-09,9030,2017,10,0
1808,2017-10-10,13153,2017,10,1
1809,2017-10-11,10374,2017,10,2
1810,2017-10-12,11730,2017,10,3
1811,2017-10-13,12369,2017,10,4
1812,2017-10-14,13815,2017,10,5
1813,2017-10-15,12328,2017,10,6
1814,2017-10-16,11805,2017,10,0
1815,2017-10-17,12286,2017,10,1
1816,2017-10-18,13005,2017,10,2
1817,2017-10-19,13314,2017,10,3
1818,2017-10-20,14247,2017,10,4
1819,2017-10-21,14464,2017,10,5
1820,2017-10-22,13384,2017,10,6
1821,2017-10-23,12602,2017,10,0
1822,2017-10-24,13149,2017,10,1
1823,2017-10-25,12821,2017,10,2
1824,2017-10-26,11768,2017,10,3
1825,2017-10-27,13149,2017,10,4
1826,2017-10-28,13021,2017,10,5
1827,2017-10-29,4591,2017,10,6
1828,2017-10-30,10155,2017,10,0
1829,2017-10-31,11585,2017,10,1
1830,2017-11-01,10859,2017,11,2
1831,2017-11-02,12925,2017,11,3
1832,2017-11-03,13777,2017,11,4
1833,2017-11-04,9278,2017,11,5
1834,2017-11-05,5886,2017,11,6
1835,2017-11-06,11016,2017,11,0
1836,2017-11-07,5112,2017,11,1
1837,2017-11-08,9254,2017,11,2
1838,2017-11-09,9601,2017,11,3
1839,2017-11-10,6755,2017,11,4
1840,2017-11-11,5494,2017,11,5
1841,2017-11-12,5697,2017,11,6
1842,2017-11-13,9060,2017,11,0
1843,2017-11-14,9494,2017,11,1
1844,2017-11-15,9785,2017,11,2
1845,2017-11-16,10200,2017,11,3
1846,2017-11-17,9541,2017,11,4
1847,2017-11-18,7755,2017,11,5
1848,2017-11-19,5911,2017,11,6
1849,2017-11-20,8635,2017,11,0
1850,2017-11-21,9378,2017,11,1
1851,2017-11-22,7208,2017,11,2
1852,2017-11-23,3107,2017,11,3
1853,2017-11-24,5383,2017,11,4
1854,2017-11-25,7177,2017,11,5
1855,2017-11-26,5243,2017,11,6
1856,2017-11-27,9000,2017,11,0
1857,2017-11-28,9676,2017,11,1
1858,2017-11-29,10159,2017,11,2
1859,2017-11-30,10168,2017,11,3
1860,2017-12-01,9659,2017,12,4
1861,2017-12-02,7560,2017,12,5
1862,2017-12-03,6709,2017,12,6
1863,2017-12-04,8885,2017,12,0
1864,2017-12-05,8292,2017,12,1
1865,2017-12-06,8541,2017,12,2
1866,2017-12-07,8721,2017,12,3
1867,2017-12-08,7881,2017,12,4
1868,2017-12-09,2346,2017,12,5
1869,2017-12-10,4151,2017,12,6
1870,2017-12-11,7871,2017,12,0
1871,2017-12-12,7725,2017,12,1
1872,2017-12-13,5854,2017,12,2
1873,2017-12-14,7092,2017,12,3
1874,2017-12-15,4965,2017,12,4
1875,2017-12-16,5184,2017,12,5
1876,2017-12-17,5141,2017,12,6
1877,2017-12-18,8978,2017,12,0
1878,2017-12-19,9920,2017,12,1
1879,2017-12-20,8336,2017,12,2
1880,2017-12-21,7004,2017,12,3
1881,2017-12-22,6159,2017,12,4
1882,2017-12-23,2464,2017,12,5
1883,2017-12-24,2041,2017,12,6
1884,2017-12-25,1041,2017,12,0
1885,2017-12-26,2789,2017,12,1
1886,2017-12-27,3321,2017,12,2
1887,2017-12-28,2866,2017,12,3
1888,2017-12-29,3088,2017,12,4
1889,2017-12-30,1876,2017,12,5
1890,2017-12-31,1437,2017,12,6
2076,2018-01-01,1213,2018,1,0
2077,2018-01-02,3792,2018,1,1
2078,2018-01-03,4748,2018,1,2
2079,2018-01-04,2368,2018,1,3
2080,2018-01-05,2709,2018,1,4
2081,2018-01-06,1489,2018,1,5
2082,2018-01-07,1753,2018,1,6
2083,2018-01-08,4080,2018,1,0
2084,2018-01-09,6124,2018,1,1
2085,2018-01-10,7101,2018,1,2
2086,2018-01-11,8210,2018,1,3
2087,2018-01-12,5850,2018,1,4
2088,2018-01-13,3378,2018,1,5
2089,2018-01-14,2340,2018,1,6
2090,2018-01-15,3323,2018,1,0
2091,2018-01-16,6836,2018,1,1
2092,2018-01-17,4108,2018,1,2
2093,2018-01-18,6197,2018,1,3
2094,2018-01-19,7604,2018,1,4
2095,2018-01-20,8033,2018,1,5
2096,2018-01-21,6542,2018,1,6
2097,2018-01-22,9385,2018,1,0
2098,2018-01-23,8200,2018,1,1
2099,2018-01-24,7728,2018,1,2
2100,2018-01-25,7096,2018,1,3
2101,2018-01-26,7294,2018,1,4
2102,2018-01-27,8707,2018,1,5
2103,2018-01-28,2867,2018,1,6
2104,2018-01-29,7265,2018,1,0
2105,2018-01-30,5863,2018,1,1
2106,2018-01-31,6387,2018,1,2
367,2018-02-01,7732,2018,2,3
368,2018-02-02,5199,2018,2,4
369,2018-02-03,3794,2018,2,5
370,2018-02-04,1428,2018,2,6
371,2018-02-05,5895,2018,2,0
372,2018-02-06,6856,2018,2,1
373,2018-02-07,4239,2018,2,2
374,2018-02-08,6525,2018,2,3
375,2018-02-09,7013,2018,2,4
376,2018-02-10,2097,2018,2,5
377,2018-02-11,3336,2018,2,6
378,2018-02-12,6857,2018,2,0
379,2018-02-13,7235,2018,2,1
380,2018-02-14,8040,2018,2,2
381,2018-02-15,9759,2018,2,3
382,2018-02-16,6922,2018,2,4
383,2018-02-17,3121,2018,2,5
384,2018-02-18,6957,2018,2,6
385,2018-02-19,4581,2018,2,0
386,2018-02-20,10989,2018,2,1
387,2018-02-21,11806,2018,2,2
388,2018-02-22,7294,2018,2,3
389,2018-02-23,6881,2018,2,4
390,2018-02-24,5407,2018,2,5
391,2018-02-25,4554,2018,2,6
392,2018-02-26,8465,2018,2,0
393,2018-02-27,9686,2018,2,1
394,2018-02-28,9710,2018,2,2
1338,2018-03-01,7814,2018,3,3
1339,2018-03-02,3167,2018,3,4
1340,2018-03-03,5714,2018,3,5
1341,2018-03-04,6513,2018,3,6
1342,2018-03-05,7699,2018,3,0
1343,2018-03-06,7143,2018,3,1
1344,2018-03-07,6613,2018,3,2
1345,2018-03-08,7777,2018,3,3
1346,2018-03-09,7235,2018,3,4
1347,2018-03-10,8295,2018,3,5
1348,2018-03-11,7744,2018,3,6
1349,2018-03-12,7286,2018,3,0
1350,2018-03-13,7444,2018,3,1
1351,2018-03-14,6866,2018,3,2
1352,2018-03-15,8491,2018,3,3
1353,2018-03-16,7333,2018,3,4
1354,2018-03-17,5645,2018,3,5
1355,2018-03-18,9543,2018,3,6
1356,2018-03-19,9559,2018,3,0
1357,2018-03-20,2140,2018,3,1
1358,2018-03-21,1298,2018,3,2
1359,2018-03-22,6628,2018,3,3
1360,2018-03-23,8522,2018,3,4
1361,2018-03-24,10146,2018,3,5
1362,2018-03-25,6847,2018,3,6
1363,2018-03-26,9475,2018,3,0
1364,2018-03-27,7976,2018,3,1
1365,2018-03-28,7416,2018,3,2
1366,2018-03-29,13682,2018,3,3
1367,2018-03-30,11113,2018,3,4
1368,2018-03-31,15874,2018,3,5
940,2018-04-01,10468,2018,4,6
941,2018-04-02,9402,2018,4,0
942,2018-04-03,9226,2018,4,1
943,2018-04-04,9909,2018,4,2
944,2018-04-05,11740,2018,4,3
945,2018-04-06,14930,2018,4,4
946,2018-04-07,7581,2018,4,5
947,2018-04-08,10159,2018,4,6
948,2018-04-09,8046,2018,4,0
949,2018-04-10,10508,2018,4,1
950,2018-04-11,11163,2018,4,2
951,2018-04-12,13086,2018,4,3
952,2018-04-13,16096,2018,4,4
953,2018-04-14,19113,2018,4,5
954,2018-04-15,4855,2018,4,6
955,2018-04-16,6521,2018,4,0
956,2018-04-17,8999,2018,4,1
957,2018-04-18,11395,2018,4,2
958,2018-04-19,8692,2018,4,3
959,2018-04-20,11567,2018,4,4
960,2018-04-21,14040,2018,4,5
961,2018-04-22,13002,2018,4,6
962,2018-04-23,11816,2018,4,0
963,2018-04-24,7077,2018,4,1
964,2018-04-25,9174,2018,4,2
965,2018-04-26,13941,2018,4,3
966,2018-04-27,10326,2018,4,4
967,2018-04-28,14901,2018,4,5
968,2018-04-29,8840,2018,4,6
969,2018-04-30,12334,2018,4,0
0,2018-05-01,14127,2018,5,1
1,2018-05-02,13932,2018,5,2
2,2018-05-03,14163,2018,5,3
3,2018-05-04,14120,2018,5,4
4,2018-05-05,12252,2018,5,5
5,2018-05-06,11412,2018,5,6
6,2018-05-07,13822,2018,5,0
7,2018-05-08,13857,2018,5,1
8,2018-05-09,14057,2018,5,2
9,2018-05-10,13048,2018,5,3
10,2018-05-11,15029,2018,5,4
11,2018-05-12,14227,2018,5,5
12,2018-05-13,8256,2018,5,6
13,2018-05-14,10859,2018,5,0
14,2018-05-15,12454,2018,5,1
15,2018-05-16,6976,2018,5,2
16,2018-05-17,4795,2018,5,3
17,2018-05-18,4776,2018,5,4
18,2018-05-19,6798,2018,5,5
19,2018-05-20,14080,2018,5,6
20,2018-05-21,14627,2018,5,0
21,2018-05-22,8627,2018,5,1
22,2018-05-23,14568,2018,5,2
23,2018-05-24,14468,2018,5,3
24,2018-05-25,14825,2018,5,4
25,2018-05-26,12614,2018,5,5
26,2018-05-27,12974,2018,5,6
27,2018-05-28,12138,2018,5,0
28,2018-05-29,13341,2018,5,1
29,2018-05-30,12763,2018,5,2
30,2018-05-31,10130,2018,5,3
3022,2018-06-01,14017,2018,6,4
3023,2018-06-02,11168,2018,6,5
3024,2018-06-03,2103,2018,6,6
3025,2018-06-04,14763,2018,6,0
3026,2018-06-05,14145,2018,6,1
3027,2018-06-06,14901,2018,6,2
3028,2018-06-07,15706,2018,6,3
3029,2018-06-08,15558,2018,6,4
3030,2018-06-09,13709,2018,6,5
3031,2018-06-10,11942,2018,6,6
3032,2018-06-11,10811,2018,6,0
3033,2018-06-12,15818,2018,6,1
3034,2018-06-13,14727,2018,6,2
3035,2018-06-14,15372,2018,6,3
3036,2018-06-15,15817,2018,6,4
3037,2018-06-16,15185,2018,6,5
3038,2018-06-17,12063,2018,6,6
3039,2018-06-18,12555,2018,6,0
3040,2018-06-19,12035,2018,6,1
3041,2018-06-20,11961,2018,6,2
3042,2018-06-21,13896,2018,6,3
3043,2018-06-22,6538,2018,6,4
3044,2018-06-23,11190,2018,6,5
3045,2018-06-24,12565,2018,6,6
3046,2018-06-25,14147,2018,6,0
3047,2018-06-26,14774,2018,6,1
3048,2018-06-27,12917,2018,6,2
3049,2018-06-28,14836,2018,6,3
3050,2018-06-29,14037,2018,6,4
3051,2018-06-30,13082,2018,6,5
2107,2018-07-01,10461,2018,7,6
2108,2018-07-02,11842,2018,7,0
2109,2018-07-03,12794,2018,7,1
2110,2018-07-04,14685,2018,7,2
2111,2018-07-05,14224,2018,7,3
2112,2018-07-06,14305,2018,7,4
2113,2018-07-07,17066,2018,7,5
2114,2018-07-08,14947,2018,7,6
2115,2018-07-09,14306,2018,7,0
2116,2018-07-10,13539,2018,7,1
2117,2018-07-11,14334,2018,7,2
2118,2018-07-12,14896,2018,7,3
2119,2018-07-13,15250,2018,7,4
2120,2018-07-14,15755,2018,7,5
2121,2018-07-15,13110,2018,7,6
2122,2018-07-16,13139,2018,7,0
2123,2018-07-17,11947,2018,7,1
2124,2018-07-18,15324,2018,7,2
2125,2018-07-19,15212,2018,7,3
2126,2018-07-20,16013,2018,7,4
2127,2018-07-21,2794,2018,7,5
2128,2018-07-22,8226,2018,7,6
2129,2018-07-23,10361,2018,7,0
2130,2018-07-24,7580,2018,7,1
2131,2018-07-25,9661,2018,7,2
2132,2018-07-26,14840,2018,7,3
2133,2018-07-27,13532,2018,7,4
2134,2018-07-28,16009,2018,7,5
2135,2018-07-29,14888,2018,7,6
2136,2018-07-30,10235,2018,7,0
2137,2018-07-31,13486,2018,7,1
1922,2018-08-01,14199,2018,8,2
1923,2018-08-02,11858,2018,8,3
1924,2018-08-03,11332,2018,8,4
1925,2018-08-04,15011,2018,8,5
1926,2018-08-05,12928,2018,8,6
1927,2018-08-06,13060,2018,8,0
1928,2018-08-07,12663,2018,8,1
1929,2018-08-08,13542,2018,8,2
1930,2018-08-09,14265,2018,8,3
1931,2018-08-10,13938,2018,8,4
1932,2018-08-11,12477,2018,8,5
1933,2018-08-12,10002,2018,8,6
1934,2018-08-13,12803,2018,8,0
1935,2018-08-14,14410,2018,8,1
1936,2018-08-15,14492,2018,8,2
1937,2018-08-16,13821,2018,8,3
1938,2018-08-17,12734,2018,8,4
1939,2018-08-18,13975,2018,8,5
1940,2018-08-19,12820,2018,8,6
1941,2018-08-20,13152,2018,8,0
1942,2018-08-21,9760,2018,8,1
1943,2018-08-22,14099,2018,8,2
1944,2018-08-23,15181,2018,8,3
1945,2018-08-24,14903,2018,8,4
1946,2018-08-25,14660,2018,8,5
1947,2018-08-26,12420,2018,8,6
1948,2018-08-27,11904,2018,8,0
1949,2018-08-28,12146,2018,8,1
1950,2018-08-29,11918,2018,8,2
1951,2018-08-30,11790,2018,8,3
1952,2018-08-31,11603,2018,8,4
3139,2018-09-01,10832,2018,9,5
3140,2018-09-02,14231,2018,9,6
3141,2018-09-03,10806,2018,9,0
3142,2018-09-04,10925,2018,9,1
3143,2018-09-05,12560,2018,9,2
3144,2018-09-06,12686,2018,9,3
3145,2018-09-07,9417,2018,9,4
3146,2018-09-08,7946,2018,9,5
3147,2018-09-09,2800,2018,9,6
3148,2018-09-10,9968,2018,9,0
3149,2018-09-11,12104,2018,9,1
3150,2018-09-12,12382,2018,9,2
3151,2018-09-13,12581,2018,9,3
3152,2018-09-14,12864,2018,9,4
3153,2018-09-15,13341,2018,9,5
3154,2018-09-16,11908,2018,9,6
3155,2018-09-17,6944,2018,9,0
3156,2018-09-18,10625,2018,9,1
3157,2018-09-19,13700,2018,9,2
3158,2018-09-20,13619,2018,9,3
3159,2018-09-21,12714,2018,9,4
3160,2018-09-22,13825,2018,9,5
3161,2018-09-23,2786,2018,9,6
3162,2018-09-24,6331,2018,9,0
3163,2018-09-25,10275,2018,9,1
3164,2018-09-26,11200,2018,9,2
3165,2018-09-27,6755,2018,9,3
3166,2018-09-28,13009,2018,9,4
3167,2018-09-29,14601,2018,9,5
3168,2018-09-30,12065,2018,9,6
2777,2018-10-01,12509,2018,10,0
2778,2018-10-02,13643,2018,10,1
2779,2018-10-03,13730,2018,10,2
2780,2018-10-04,13299,2018,10,3
2781,2018-10-05,13573,2018,10,4
2782,2018-10-06,13301,2018,10,5
2783,2018-10-07,13534,2018,10,6
2784,2018-10-08,12365,2018,10,0
2785,2018-10-09,12249,2018,10,1
2786,2018-10-10,13073,2018,10,2
2787,2018-10-11,6972,2018,10,3
2788,2018-10-12,13221,2018,10,4
2789,2018-10-13,11290,2018,10,5
2790,2018-10-14,8039,2018,10,6
2791,2018-10-15,8521,2018,10,0
2792,2018-10-16,11741,2018,10,1
2793,2018-10-17,12643,2018,10,2
2794,2018-10-18,11579,2018,10,3
2795,2018-10-19,11960,2018,10,4
2796,2018-10-20,11390,2018,10,5
2797,2018-10-21,7706,2018,10,6
2798,2018-10-22,10201,2018,10,0
2799,2018-10-23,11732,2018,10,1
2800,2018-10-24,11001,2018,10,2
2801,2018-10-25,10340,2018,10,3
2802,2018-10-26,7480,2018,10,4
2803,2018-10-27,4724,2018,10,5
2804,2018-10-28,8580,2018,10,6
2805,2018-10-29,9866,2018,10,0
2806,2018-10-30,11364,2018,10,1
2807,2018-10-31,11395,2018,10,2
1673,2018-11-01,12432,2018,11,3
1674,2018-11-02,10105,2018,11,4
1675,2018-11-03,9284,2018,11,5
1676,2018-11-04,9084,2018,11,6
1677,2018-11-05,4399,2018,11,0
1678,2018-11-06,6023,2018,11,1
1679,2018-11-07,9918,2018,11,2
1680,2018-11-08,10420,2018,11,3
1681,2018-11-09,5430,2018,11,4
1682,2018-11-10,6082,2018,11,5
1683,2018-11-11,6320,2018,11,6
1684,2018-11-12,5446,2018,11,0
1685,2018-11-13,6864,2018,11,1
1686,2018-11-14,8049,2018,11,2
1687,2018-11-15,2155,2018,11,3
1688,2018-11-16,7702,2018,11,4
1689,2018-11-17,7163,2018,11,5
1690,2018-11-18,6452,2018,11,6
1691,2018-11-19,9074,2018,11,0
1692,2018-11-20,8354,2018,11,1
1693,2018-11-21,6745,2018,11,2
1694,2018-11-22,1933,2018,11,3
1695,2018-11-23,2751,2018,11,4
1696,2018-11-24,1499,2018,11,5
1697,2018-11-25,6287,2018,11,6
1698,2018-11-26,5809,2018,11,0
1699,2018-11-27,6611,2018,11,1
1700,2018-11-28,6140,2018,11,2
1701,2018-11-29,6829,2018,11,3
1702,2018-11-30,7016,2018,11,4
1703,2018-12-01,3235,2018,12,5
1184,2018-12-01,3235,2018,12,5
1185,2018-12-02,4833,2018,12,6
1704,2018-12-02,4833,2018,12,6
1186,2018-12-03,8178,2018,12,0
1705,2018-12-03,8176,2018,12,0
1706,2018-12-04,2437,2018,12,1
1187,2018-12-04,7042,2018,12,1
1188,2018-12-05,6506,2018,12,2
1189,2018-12-06,6952,2018,12,3
1190,2018-12-07,6566,2018,12,4
1191,2018-12-08,4420,2018,12,5
1192,2018-12-09,3547,2018,12,6
1193,2018-12-10,6105,2018,12,0
1194,2018-12-11,6995,2018,12,1
1195,2018-12-12,7574,2018,12,2
1196,2018-12-13,8205,2018,12,3
1197,2018-12-14,6416,2018,12,4
1198,2018-12-15,1208,2018,12,5
1199,2018-12-16,2363,2018,12,6
1200,2018-12-17,7772,2018,12,0
1201,2018-12-18,7514,2018,12,1
1202,2018-12-19,7466,2018,12,2
1203,2018-12-20,4399,2018,12,3
1204,2018-12-21,5696,2018,12,4
1205,2018-12-22,3710,2018,12,5
1206,2018-12-23,3270,2018,12,6
1207,2018-12-24,2492,2018,12,0
1208,2018-12-25,1744,2018,12,1
1209,2018-12-26,3752,2018,12,2
1210,2018-12-27,5430,2018,12,3
1211,2018-12-28,2125,2018,12,4
1212,2018-12-29,6008,2018,12,5
1213,2018-12-30,4929,2018,12,6
1214,2018-12-31,2401,2018,12,0
336,2019-01-01,4540,2019,1,1
337,2019-01-02,6567,2019,1,2
338,2019-01-03,7604,2019,1,3
339,2019-01-04,7362,2019,1,4
340,2019-01-05,5106,2019,1,5
341,2019-01-06,6050,2019,1,6
342,2019-01-07,6216,2019,1,0
343,2019-01-08,7655,2019,1,1
344,2019-01-09,6408,2019,1,2
345,2019-01-10,5562,2019,1,3
346,2019-01-11,5677,2019,1,4
347,2019-01-12,3629,2019,1,5
348,2019-01-13,628,2019,1,6
349,2019-01-14,1522,2019,1,0
350,2019-01-15,3779,2019,1,1
351,2019-01-16,4942,2019,1,2
352,2019-01-17,5085,2019,1,3
353,2019-01-18,5732,2019,1,4
354,2019-01-19,3566,2019,1,5
355,2019-01-20,2590,2019,1,6
356,2019-01-21,1592,2019,1,0
357,2019-01-22,4585,2019,1,1
358,2019-01-23,6708,2019,1,2
359,2019-01-24,3876,2019,1,3
360,2019-01-25,6263,2019,1,4
361,2019-01-26,4494,2019,1,5
362,2019-01-27,4500,2019,1,6
363,2019-01-28,6325,2019,1,0
364,2019-01-29,4335,2019,1,1
365,2019-01-30,4020,2019,1,2
366,2019-01-31,3862,2019,1,3
3259,2019-02-01,2467,2019,2,4
3260,2019-02-02,3420,2019,2,5
3261,2019-02-03,5052,2019,2,6
3262,2019-02-04,7797,2019,2,0
3263,2019-02-05,9213,2019,2,1
3264,2019-02-06,6944,2019,2,2
3265,2019-02-07,7851,2019,2,3
3266,2019-02-08,6651,2019,2,4
3267,2019-02-09,4027,2019,2,5
3268,2019-02-10,3924,2019,2,6
3269,2019-02-11,3244,2019,2,0
3270,2019-02-12,2585,2019,2,1
3271,2019-02-13,7303,2019,2,2
3272,2019-02-14,7452,2019,2,3
3273,2019-02-15,9177,2019,2,4
3274,2019-02-16,5701,2019,2,5
3275,2019-02-17,3991,2019,2,6
3276,2019-02-18,4589,2019,2,0
3277,2019-02-19,6319,2019,2,1
3278,2019-02-20,941,2019,2,2
3279,2019-02-21,6591,2019,2,3
3280,2019-02-22,7183,2019,2,4
3281,2019-02-23,2754,2019,2,5
3282,2019-02-24,5198,2019,2,6
3283,2019-02-25,5922,2019,2,0
3284,2019-02-26,7560,2019,2,1
3285,2019-02-27,6831,2019,2,2
3286,2019-02-28,7443,2019,2,3
1891,2019-03-01,4069,2019,3,4
1892,2019-03-02,5371,2019,3,5
1893,2019-03-03,2309,2019,3,6
1894,2019-03-04,6265,2019,3,0
1895,2019-03-05,6760,2019,3,1
1896,2019-03-06,5537,2019,3,2
1897,2019-03-07,6629,2019,3,3
1898,2019-03-08,4695,2019,3,4
1899,2019-03-09,5606,2019,3,5
1900,2019-03-10,6530,2019,3,6
1901,2019-03-11,9615,2019,3,0
1902,2019-03-12,8935,2019,3,1
1903,2019-03-13,9206,2019,3,2
1904,2019-03-14,11578,2019,3,3
1905,2019-03-15,11673,2019,3,4
1906,2019-03-16,8728,2019,3,5
1907,2019-03-17,7660,2019,3,6
1908,2019-03-18,8019,2019,3,0
1909,2019-03-19,9471,2019,3,1
1910,2019-03-20,9990,2019,3,2
1911,2019-03-21,2053,2019,3,3
1912,2019-03-22,6890,2019,3,4
1913,2019-03-23,7672,2019,3,5
1914,2019-03-24,10883,2019,3,6
1915,2019-03-25,8923,2019,3,0
1916,2019-03-26,9269,2019,3,1
1917,2019-03-27,9802,2019,3,2
1918,2019-03-28,11478,2019,3,3
1919,2019-03-29,12712,2019,3,4
1920,2019-03-30,17911,2019,3,5
1921,2019-03-31,7572,2019,3,6
1553,2019-04-01,8865,2019,4,0
1554,2019-04-02,7895,2019,4,1
1555,2019-04-03,13142,2019,4,2
1556,2019-04-04,13243,2019,4,3
1557,2019-04-05,5908,2019,4,4
1558,2019-04-06,18346,2019,4,5
1559,2019-04-07,14897,2019,4,6
1560,2019-04-08,10955,2019,4,0
1561,2019-04-09,13025,2019,4,1
1562,2019-04-10,12721,2019,4,2
1563,2019-04-11,11852,2019,4,3
1564,2019-04-12,9628,2019,4,4
1565,2019-04-13,14618,2019,4,5
1566,2019-04-14,9913,2019,4,6
1567,2019-04-15,8271,2019,4,0
1568,2019-04-16,11898,2019,4,1
1569,2019-04-17,12447,2019,4,2
1570,2019-04-18,12952,2019,4,3
1571,2019-04-19,8372,2019,4,4
1572,2019-04-20,14314,2019,4,5
1573,2019-04-21,10996,2019,4,6
1574,2019-04-22,12209,2019,4,0
1575,2019-04-23,13243,2019,4,1
1576,2019-04-24,13234,2019,4,2
1577,2019-04-25,12339,2019,4,3
1578,2019-04-26,8808,2019,4,4
1579,2019-04-27,12052,2019,4,5
1580,2019-04-28,9876,2019,4,6
1581,2019-04-29,10172,2019,4,0
1582,2019-04-30,11801,2019,4,1
2899,2019-05-01,11941,2019,5,2
2900,2019-05-02,9894,2019,5,3
2901,2019-05-03,12464,2019,5,4
2902,2019-05-04,11034,2019,5,5
2903,2019-05-05,2689,2019,5,6
2904,2019-05-06,11702,2019,5,0
2905,2019-05-07,12282,2019,5,1
2906,2019-05-08,11619,2019,5,2
2907,2019-05-09,11439,2019,5,3
2908,2019-05-10,10577,2019,5,4
2909,2019-05-11,8237,2019,5,5
2910,2019-05-12,3309,2019,5,6
2911,2019-05-13,6606,2019,5,0
2912,2019-05-14,10926,2019,5,1
2913,2019-05-15,12328,2019,5,2
2914,2019-05-16,12247,2019,5,3
2915,2019-05-17,13542,2019,5,4
2916,2019-05-18,12856,2019,5,5
2917,2019-05-19,11315,2019,5,6
2918,2019-05-20,11488,2019,5,0
2919,2019-05-21,12810,2019,5,1
2920,2019-05-22,12701,2019,5,2
2921,2019-05-23,11362,2019,5,3
2922,2019-05-24,12562,2019,5,4
2923,2019-05-25,11871,2019,5,5
2924,2019-05-26,11264,2019,5,6
2925,2019-05-27,11259,2019,5,0
2926,2019-05-28,10016,2019,5,1
2927,2019-05-29,12001,2019,5,2
2928,2019-05-30,10534,2019,5,3
2929,2019-05-31,12829,2019,5,4
606,2019-06-01,12232,2019,6,5
607,2019-06-02,9829,2019,6,6
608,2019-06-03,12746,2019,6,0
609,2019-06-04,13610,2019,6,1
610,2019-06-05,12378,2019,6,2
611,2019-06-06,12609,2019,6,3
612,2019-06-07,13550,2019,6,4
613,2019-06-08,13731,2019,6,5
614,2019-06-09,6183,2019,6,6
615,2019-06-10,8341,2019,6,0
616,2019-06-11,12981,2019,6,1
617,2019-06-12,12621,2019,6,2
618,2019-06-13,9489,2019,6,3
619,2019-06-14,13648,2019,6,4
620,2019-06-15,12834,2019,6,5
621,2019-06-16,10339,2019,6,6
622,2019-06-17,10022,2019,6,0
623,2019-06-18,9612,2019,6,1
624,2019-06-19,12239,2019,6,2
625,2019-06-20,11359,2019,6,3
626,2019-06-21,13449,2019,6,4
627,2019-06-22,13824,2019,6,5
628,2019-06-23,11995,2019,6,6
629,2019-06-24,10930,2019,6,0
630,2019-06-25,12334,2019,6,1
631,2019-06-26,12581,2019,6,2
632,2019-06-27,11278,2019,6,3
633,2019-06-28,11930,2019,6,4
634,2019-06-29,10838,2019,6,5
635,2019-06-30,10632,2019,6,6
1153,2019-07-01,12386,2019,7,0
1154,2019-07-02,10777,2019,7,1
1155,2019-07-03,12578,2019,7,2
1156,2019-07-04,10334,2019,7,3
1157,2019-07-05,12146,2019,7,4
1158,2019-07-06,10172,2019,7,5
1159,2019-07-07,10048,2019,7,6
1160,2019-07-08,8418,2019,7,0
1161,2019-07-09,12972,2019,7,1
1162,2019-07-10,12629,2019,7,2
1163,2019-07-11,8668,2019,7,3
1164,2019-07-12,13344,2019,7,4
1165,2019-07-13,12947,2019,7,5
1166,2019-07-14,10888,2019,7,6
1167,2019-07-15,12268,2019,7,0
1168,2019-07-16,12131,2019,7,1
1169,2019-07-17,10296,2019,7,2
1170,2019-07-18,12533,2019,7,3
1171,2019-07-19,12074,2019,7,4
1172,2019-07-20,10451,2019,7,5
1173,2019-07-21,8054,2019,7,6
1174,2019-07-22,10660,2019,7,0
1175,2019-07-23,9743,2019,7,1
1176,2019-07-24,12374,2019,7,2
1177,2019-07-25,13381,2019,7,3
1178,2019-07-26,13540,2019,7,4
1179,2019-07-27,13079,2019,7,5
1180,2019-07-28,11029,2019,7,6
1181,2019-07-29,12152,2019,7,0
1182,2019-07-30,12455,2019,7,1
1183,2019-07-31,12118,2019,7,2
1307,2019-08-01,12822,2019,8,3
1308,2019-08-02,12267,2019,8,4
1309,2019-08-03,11917,2019,8,5
1310,2019-08-04,11338,2019,8,6
1311,2019-08-05,11962,2019,8,0
1312,2019-08-06,12077,2019,8,1
1313,2019-08-07,11359,2019,8,2
1314,2019-08-08,12783,2019,8,3
1315,2019-08-09,12923,2019,8,4
1316,2019-08-10,12711,2019,8,5
1317,2019-08-11,11866,2019,8,6
1318,2019-08-12,12015,2019,8,0
1319,2019-08-13,11292,2019,8,1
1320,2019-08-14,12358,2019,8,2
1321,2019-08-15,10972,2019,8,3
1322,2019-08-16,12309,2019,8,4
1323,2019-08-17,11004,2019,8,5
1324,2019-08-18,9592,2019,8,6
1325,2019-08-19,10545,2019,8,0
1326,2019-08-20,8890,2019,8,1
1327,2019-08-21,11668,2019,8,2
1328,2019-08-22,11722,2019,8,3
1329,2019-08-23,8176,2019,8,4
1330,2019-08-24,12516,2019,8,5
1331,2019-08-25,11544,2019,8,6
1332,2019-08-26,11685,2019,8,0
1333,2019-08-27,12230,2019,8,1
1334,2019-08-28,11395,2019,8,2
1335,2019-08-29,12704,2019,8,3
1336,2019-08-30,12134,2019,8,4
1337,2019-08-31,11268,2019,8,5
486,2019-09-01,12005,2019,9,6
487,2019-09-02,9082,2019,9,0
488,2019-09-03,11872,2019,9,1
489,2019-09-04,11745,2019,9,2
490,2019-09-05,12558,2019,9,3
491,2019-09-06,12501,2019,9,4
492,2019-09-07,12492,2019,9,5
493,2019-09-08,10736,2019,9,6
494,2019-09-09,11892,2019,9,0
495,2019-09-10,12539,2019,9,1
496,2019-09-11,11461,2019,9,2
497,2019-09-12,11895,2019,9,3
498,2019-09-13,12497,2019,9,4
499,2019-09-14,11953,2019,9,5
500,2019-09-15,10939,2019,9,6
501,2019-09-16,11714,2019,9,0
502,2019-09-17,12362,2019,9,1
503,2019-09-18,12887,2019,9,2
504,2019-09-19,13307,2019,9,3
505,2019-09-20,13866,2019,9,4
506,2019-09-21,13231,2019,9,5
507,2019-09-22,11054,2019,9,6
508,2019-09-23,11592,2019,9,0
509,2019-09-24,13115,2019,9,1
510,2019-09-25,12964,2019,9,2
511,2019-09-26,12968,2019,9,3
512,2019-09-27,13129,2019,9,4
513,2019-09-28,11763,2019,9,5
514,2019-09-29,10630,2019,9,6
515,2019-09-30,9476,2019,9,0
122,2019-10-01,12700,2019,10,1
123,2019-10-02,11937,2019,10,2
124,2019-10-03,12575,2019,10,3
125,2019-10-04,13182,2019,10,4
126,2019-10-05,12327,2019,10,5
127,2019-10-06,10068,2019,10,6
128,2019-10-07,12682,2019,10,0
129,2019-10-08,12007,2019,10,1
130,2019-10-09,12272,2019,10,2
131,2019-10-10,12584,2019,10,3
132,2019-10-11,12776,2019,10,4
133,2019-10-12,11655,2019,10,5
134,2019-10-13,9599,2019,10,6
135,2019-10-14,11273,2019,10,0
136,2019-10-15,12506,2019,10,1
137,2019-10-16,7831,2019,10,2
138,2019-10-17,10414,2019,10,3
139,2019-10-18,11375,2019,10,4
140,2019-10-19,10446,2019,10,5
141,2019-10-20,1535,2019,10,6
142,2019-10-21,11398,2019,10,0
143,2019-10-22,7393,2019,10,1
144,2019-10-23,12135,2019,10,2
145,2019-10-24,12217,2019,10,3
146,2019-10-25,12581,2019,10,4
147,2019-10-26,11067,2019,10,5
148,2019-10-27,7563,2019,10,6
149,2019-10-28,11582,2019,10,0
150,2019-10-29,11657,2019,10,1
151,2019-10-30,9490,2019,10,2
152,2019-10-31,8725,2019,10,3
820,2019-11-01,9901,2019,11,4
821,2019-11-02,10023,2019,11,5
822,2019-11-03,7645,2019,11,6
823,2019-11-04,9876,2019,11,0
824,2019-11-05,10632,2019,11,1
825,2019-11-06,10670,2019,11,2
826,2019-11-07,8321,2019,11,3
827,2019-11-08,8243,2019,11,4
828,2019-11-09,6008,2019,11,5
829,2019-11-10,7272,2019,11,6
830,2019-11-11,8844,2019,11,0
831,2019-11-12,6300,2019,11,1
832,2019-11-13,6974,2019,11,2
833,2019-11-14,7676,2019,11,3
834,2019-11-15,8356,2019,11,4
835,2019-11-16,5886,2019,11,5
836,2019-11-17,4739,2019,11,6
837,2019-11-18,7434,2019,11,0
838,2019-11-19,9188,2019,11,1
839,2019-11-20,9084,2019,11,2
840,2019-11-21,9157,2019,11,3
841,2019-11-22,7519,2019,11,4
842,2019-11-23,4730,2019,11,5
843,2019-11-24,4791,2019,11,6
844,2019-11-25,8371,2019,11,0
845,2019-11-26,9104,2019,11,1
846,2019-11-27,6250,2019,11,2
847,2019-11-28,2196,2019,11,3
848,2019-11-29,4290,2019,11,4
849,2019-11-30,4032,2019,11,5
1953,2019-12-01,1566,2019,12,6
1954,2019-12-02,6256,2019,12,0
1955,2019-12-03,8123,2019,12,1
1956,2019-12-04,7926,2019,12,2
1957,2019-12-05,8426,2019,12,3
1958,2019-12-06,8335,2019,12,4
1959,2019-12-07,6043,2019,12,5
1960,2019-12-08,5360,2019,12,6
1961,2019-12-09,4882,2019,12,0
1962,2019-12-10,6242,2019,12,1
1963,2019-12-11,7166,2019,12,2
1964,2019-12-12,7312,2019,12,3
1965,2019-12-13,4624,2019,12,4
1966,2019-12-14,3942,2019,12,5
1967,2019-12-15,5320,2019,12,6
1968,2019-12-16,3185,2019,12,0
1969,2019-12-17,5749,2019,12,1
1970,2019-12-18,6733,2019,12,2
1971,2019-12-19,5406,2019,12,3
1972,2019-12-20,5693,2019,12,4
1973,2019-12-21,3331,2019,12,5
1974,2019-12-22,3245,2019,12,6
1975,2019-12-23,4526,2019,12,0
1976,2019-12-24,2937,2019,12,1
1977,2019-12-25,2005,2019,12,2
1978,2019-12-26,3773,2019,12,3
1979,2019-12-27,4916,2019,12,4
1980,2019-12-28,6282,2019,12,5
1981,2019-12-29,1409,2019,12,6
1982,2019-12-30,5419,2019,12,0
1983,2019-12-31,5746,2019,12,1
